"Player","Pos","Ht","Wt","Birth_Date","Nationality","Exp","College","Tm","Age","Season"
"Josh McRoberts","F","6-10",240,"February 28, 1987","us","10","Duke University","DAL",31,"2017-2018"
"Devin Harris","G","6-3",192,"February 27, 1983","us","13","University of Wisconsin","DAL",35,"2017-2018"
"Wesley Matthews","G","6-5",220,"October 14, 1986","us","8","Marquette University","DAL",32,"2017-2018"
"J.J. Barea","G","6-0",185,"June 26, 1984","pr","11","Northeastern University","DAL",34,"2017-2018"
"Salah Mejri","C","7-1",245,"June 15, 1986","tn","2","","DAL",32,"2017-2018"
"Harrison Barnes","F","6-8",210,"May 30, 1992","us","5","University of North Carolina","DAL",26,"2017-2018"
"Dwight Powell","F-C","6-11",240,"July 20, 1991","ca","3","Stanford University","DAL",27,"2017-2018"
"Dorian Finney-Smith","F","6-8",220,"May 4, 1993","us","1","University of Florida","DAL",25,"2017-2018"
"Seth Curry","G","6-2",185,"August 23, 1990","us","4","Duke University","DAL",28,"2017-2018"
"Yogi Ferrell","G","6-0",180,"May 9, 1993","us","1","Indiana University","DAL",25,"2017-2018"
"Dennis Smith Jr.","G","6-3",195,"November 25, 1997","us","R","North Carolina State University","DAL",21,"2017-2018"
"Dirk Nowitzki","F","7-0",245,"June 19, 1978","de","19","","DAL",40,"2017-2018"
"Maxi Kleber","F","6-10",220,"January 29, 1992","de","R","","DAL",26,"2017-2018"
"Gian Clavell","G","6-4",185,"November 26, 1993","pr","R","Colorado State University","DAL",25,"2017-2018"
"Brandon Ashley","F","6-9",230,"July 15, 1994","us","R","University of Arizona","DAL",24,"2017-2018"
"PJ Dozier","G","6-7",201,"October 25, 1996","us","R","University of South Carolina","DAL",22,"2017-2018"
"Maalik Wayns","G","6-2",200,"May 2, 1991","us","2","Villanova University","DAL",27,"2017-2018"
"Jeff Withey","C","7-0",231,"March 7, 1990","us","4","University of Kansas","DAL",28,"2017-2018"
"Nerlens Noel","C-F","6-11",228,"April 10, 1994","us","3","University of Kentucky","DAL",24,"2017-2018"
"Victor Oladipo","G","6-4",210,"May 4, 1992","us","4","Indiana University","IND",26,"2017-2018"
"Myles Turner","C-F","6-11",243,"March 24, 1996","us","2","University of Texas at Austin","IND",22,"2017-2018"
"Thaddeus Young","F","6-8",221,"June 21, 1988","us","10","Georgia Institute of Technology","IND",30,"2017-2018"
"Cory Joseph","G","6-3",193,"August 20, 1991","ca","6","University of Texas at Austin","IND",27,"2017-2018"
"Glenn Robinson III","G-F","6-6",222,"January 8, 1994","us","3","University of Michigan","IND",24,"2017-2018"
"Joe Young","G","6-2",180,"June 27, 1992","us","2","University of Oregon","IND",26,"2017-2018"
"Al Jefferson","C-F","6-10",289,"January 4, 1985","us","13","","IND",33,"2017-2018"
"Domantas Sabonis","F","6-11",240,"May 3, 1996","us","1","Gonzaga University","IND",22,"2017-2018"
"Lance Stephenson","G-F","6-5",230,"September 5, 1990","us","7","University of Cincinnati","IND",28,"2017-2018"
"T.J. Leaf","F","6-10",222,"April 30, 1997","il","R","University of California, Los Angeles","IND",21,"2017-2018"
"Bojan Bogdanovic","G-F","6-8",216,"April 18, 1989","ba","3","","IND",29,"2017-2018"
"Ike Anigbogu","F-C","6-10",252,"October 22, 1998","us","R","University of California, Los Angeles","IND",20,"2017-2018"
"Darren Collison","G","6-0",175,"August 23, 1987","us","8","University of California, Los Angeles","IND",31,"2017-2018"
"Damien Wilkins","F-G","6-6",225,"January 11, 1980","us","9","University of Georgia","IND",38,"2017-2018"
"Ben Moore","F","6-7",203,"May 13, 1995","us","R","Southern Methodist University","IND",23,"2017-2018"
"DeQuan Jones","F","6-8",221,"June 20, 1990","us","1","University of Miami","IND",28,"2017-2018"
"Trey McKinney-Jones","G","6-5",214,"August 30, 1990","us","R","University of Miami","IND",28,"2017-2018"
"Jarrod Uthoff","F","6-9",221,"May 19, 1993","us","1","University of Iowa","IND",25,"2017-2018"
"Nikola Vucevic","C","7-0",260,"October 24, 1990","ch","6","University of Southern California","ORL",28,"2017-2018"
"Terrence Ross","F-G","6-7",206,"February 5, 1991","us","5","University of Washington","ORL",27,"2017-2018"
"Aaron Gordon","F","6-9",220,"September 16, 1995","us","3","University of Arizona","ORL",23,"2017-2018"
"Elfrid Payton","G","6-4",185,"February 22, 1994","us","3","University of Louisiana at Lafayette","ORL",24,"2017-2018"
"Mario Hezonja","F-G","6-8",215,"February 25, 1995","hr","2","","ORL",23,"2017-2018"
"Bismack Biyombo","C-F","6-9",255,"August 28, 1992","cd","6","","ORL",26,"2017-2018"
"D.J. Augustin","G","6-0",183,"November 10, 1987","us","9","University of Texas at Austin","ORL",31,"2017-2018"
"Evan Fournier","G-F","6-7",205,"October 29, 1992","fr","5","","ORL",26,"2017-2018"
"Jonathan Isaac","F","6-10",210,"October 3, 1997","us","R","Florida State University","ORL",21,"2017-2018"
"Jonathon Simmons","G-F","6-6",195,"September 14, 1989","us","2","University of Houston","ORL",29,"2017-2018"
"Wesley Iwundu","F","6-7",193,"December 20, 1994","us","R","Kansas State University","ORL",24,"2017-2018"
"Marreese Speights","C-F","6-10",255,"August 4, 1987","us","9","University of Florida","ORL",31,"2017-2018"
"Arron Afflalo","G","6-5",210,"October 15, 1985","us","10","University of California, Los Angeles","ORL",33,"2017-2018"
"Khem Birch","F","6-9",220,"September 28, 1992","ca","R","University of Nevada, Las Vegas","ORL",26,"2017-2018"
"Shelvin Mack","G","6-3",203,"April 22, 1990","us","6","Butler University","ORL",28,"2017-2018"
"Troy Caupain","G","6-4",210,"November 29, 1995","us","R","","ORL",23,"2017-2018"
"Kalin Lucas","G","6-1",195,"May 24, 1989","us","1","Michigan State University","ORL",29,"2017-2018"
"Damjan Rudez","F","6-10",228,"June 17, 1986","hr","3","","ORL",32,"2017-2018"
"Michael Kidd-Gilchrist","F","6-7",232,"September 26, 1993","us","5","University of Kentucky","CHO",25,"2017-2018"
"Kemba Walker","G","6-1",172,"May 8, 1990","us","6","University of Connecticut","CHO",28,"2017-2018"
"Cody Zeller","F-C","7-0",240,"October 5, 1992","us","4","Indiana University","CHO",26,"2017-2018"
"Jeremy Lamb","G-F","6-5",185,"May 30, 1992","us","5","University of Connecticut","CHO",26,"2017-2018"
"Frank Kaminsky","F-C","7-0",242,"April 4, 1993","us","2","University of Wisconsin","CHO",25,"2017-2018"
"Nicolas Batum","F-G","6-8",200,"December 14, 1988","fr","9","","CHO",30,"2017-2018"
"Marvin Williams","F","6-9",237,"June 19, 1986","us","12","University of North Carolina","CHO",32,"2017-2018"
"Dwight Howard","C","6-11",265,"December 8, 1985","us","13","","CHO",33,"2017-2018"
"Treveon Graham","G","6-6",220,"October 29, 1993","us","1","Virginia Commonwealth University","CHO",25,"2017-2018"
"Johnny O'Bryant","F-C","6-9",257,"June 1, 1993","us","3","Louisiana State University","CHO",25,"2017-2018"
"Malik Monk","G","6-3",200,"February 4, 1998","us","R","University of Kentucky","CHO",20,"2017-2018"
"Michael Carter-Williams","G","6-6",190,"October 10, 1991","us","4","Syracuse University","CHO",27,"2017-2018"
"Dwayne Bacon","G","6-6",222,"August 30, 1995","us","R","Florida State University","CHO",23,"2017-2018"
"T.J. Williams","G","6-4",211,"October 26, 1994","us","R","Northeastern University","CHO",24,"2017-2018"
"Isaiah Hicks","F","6-9",233,"July 24, 1994","us","R","University of North Carolina","CHO",24,"2017-2018"
"Julyan Stone","G","6-6",200,"December 7, 1988","us","3","University of Texas at El Paso","CHO",30,"2017-2018"
"Terry Henderson","G","6-3",195,"March 21, 1994","us","R","North Carolina State University","CHO",24,"2017-2018"
"Luke Petrasek","F","6-10",230,"August 17, 1995","us","R","Columbia University","CHO",23,"2017-2018"
"Gorgui Dieng","C","6-11",241,"January 18, 1990","sn","4","University of Louisville","MIN",28,"2017-2018"
"Andrew Wiggins","F-G","6-8",199,"February 23, 1995","ca","3","University of Kansas","MIN",23,"2017-2018"
"Karl-Anthony Towns","C-F","7-0",244,"November 15, 1995","us","2","University of Kentucky","MIN",23,"2017-2018"
"Tyus Jones","G","6-2",195,"May 10, 1996","us","2","Duke University","MIN",22,"2017-2018"
"Jimmy Butler","G-F","6-7",220,"September 14, 1989","us","6","Marquette University","MIN",29,"2017-2018"
"Nemanja Bjelica","F","6-10",240,"May 9, 1988","rs","2","","MIN",30,"2017-2018"
"Cole Aldrich","C","6-11",250,"October 31, 1988","us","7","University of Kansas","MIN",30,"2017-2018"
"Justin Patton","C","6-11",229,"June 14, 1997","us","R","Creighton University","MIN",21,"2017-2018"
"Jeff Teague","G","6-2",186,"June 10, 1988","us","8","Wake Forest University","MIN",30,"2017-2018"
"Taj Gibson","F","6-9",225,"June 24, 1985","us","8","University of Southern California","MIN",33,"2017-2018"
"Jamal Crawford","G","6-5",200,"March 20, 1980","us","17","University of Michigan","MIN",38,"2017-2018"
"Marcus Georges-Hunt","G","6-5",216,"March 28, 1994","us","1","Georgia Institute of Technology","MIN",24,"2017-2018"
"Shabazz Muhammad","F-G","6-6",223,"November 13, 1992","us","4","University of California, Los Angeles","MIN",26,"2017-2018"
"Melo Trimble","G","6-3",185,"February 2, 1995","us","R","University of Maryland","MIN",23,"2017-2018"
"Amile Jefferson","F","6-9",224,"May 7, 1993","us","R","Duke University","MIN",25,"2017-2018"
"Aaron Brooks","G","6-0",161,"January 14, 1985","us","9","University of Oregon","MIN",33,"2017-2018"
"Kyrie Irving","G","6-3",193,"March 23, 1992","au","6","Duke University","BOS",26,"2017-2018"
"Marcus Morris","F","6-9",235,"September 2, 1989","us","6","University of Kansas","BOS",29,"2017-2018"
"Marcus Smart","G","6-4",220,"March 6, 1994","us","3","Oklahoma State University","BOS",24,"2017-2018"
"Terry Rozier","G","6-2",190,"March 17, 1994","us","2","University of Louisville","BOS",24,"2017-2018"
"Al Horford","C-F","6-10",245,"June 3, 1986","do","10","University of Florida","BOS",32,"2017-2018"
"Jaylen Brown","F","6-7",225,"October 24, 1996","us","1","University of California","BOS",22,"2017-2018"
"Jayson Tatum","F","6-8",205,"March 3, 1998","us","R","Duke University","BOS",20,"2017-2018"
"Gordon Hayward","F-G","6-8",226,"March 23, 1990","us","7","Butler University","BOS",28,"2017-2018"
"Abdel Nader","F","6-6",230,"September 25, 1993","eg","R","Iowa State University","BOS",25,"2017-2018"
"Semi Ojeleye","F","6-7",241,"December 5, 1994","us","R","Southern Methodist University","BOS",24,"2017-2018"
"Aron Baynes","C","6-10",260,"December 9, 1986","nz","5","Washington State University","BOS",32,"2017-2018"
"Guerschon Yabusele","F","6-7",260,"December 17, 1995","fr","R","","BOS",23,"2017-2018"
"Daniel Theis","C","6-9",215,"April 4, 1992","de","R","","BOS",26,"2017-2018"
"Shane Larkin","G","5-11",175,"October 2, 1992","us","3","University of Miami","BOS",26,"2017-2018"
"Andrew White","G","6-7",210,"June 16, 1993","us","R","Syracuse University","BOS",25,"2017-2018"
"L.J. Peak","G","6-5",215,"February 2, 1996","us","R","Georgetown University","BOS",22,"2017-2018"
"Jonathan Holmes","F","6-9",242,"December 9, 1992","us","R","University of Texas at Austin","BOS",26,"2017-2018"
"Devin Williams","F","6-9",255,"May 31, 1994","us","R","West Virginia University","BOS",24,"2017-2018"
"Damian Lillard","G","6-3",195,"July 15, 1990","us","5","Weber State University","POR",28,"2017-2018"
"C.J. McCollum","G","6-3",190,"September 19, 1991","us","4","Lehigh University","POR",27,"2017-2018"
"Shabazz Napier","G","6-1",175,"July 14, 1991","us","3","University of Connecticut","POR",27,"2017-2018"
"Noah Vonleh","F","6-10",240,"August 24, 1995","us","3","Indiana University","POR",23,"2017-2018"
"Jusuf Nurkic","C","7-0",280,"August 23, 1994","ba","3","","POR",24,"2017-2018"
"Al-Farouq Aminu","F","6-9",220,"September 21, 1990","us","7","Wake Forest University","POR",28,"2017-2018"
"Ed Davis","F","6-10",240,"June 5, 1989","us","7","University of North Carolina","POR",29,"2017-2018"
"Pat Connaughton","G","6-5",206,"January 6, 1993","us","2","University of Notre Dame","POR",25,"2017-2018"
"Evan Turner","G","6-7",220,"October 27, 1988","us","7","Ohio State University","POR",30,"2017-2018"
"Jake Layman","F","6-9",210,"March 7, 1994","us","1","University of Maryland","POR",24,"2017-2018"
"Meyers Leonard","C-F","7-1",245,"February 27, 1992","us","5","University of Illinois at Urbana-Champaign","POR",26,"2017-2018"
"Maurice Harkless","F-G","6-9",215,"May 11, 1993","us","5","St. John's University","POR",25,"2017-2018"
"Zach Collins","C-F","7-0",232,"November 19, 1997","us","R","Gonzaga University","POR",21,"2017-2018"
"Caleb Swanigan","F","6-9",246,"April 18, 1997","us","R","Purdue University","POR",21,"2017-2018"
"Archie Goodwin","G","6-5",200,"August 17, 1994","us","4","University of Kentucky","POR",24,"2017-2018"
"Isaiah Briscoe","G","6-3",224,"April 13, 1996","us","R","University of Kentucky","POR",22,"2017-2018"
"Anthony Morrow","G","6-5",210,"September 27, 1985","us","9","Georgia Institute of Technology","POR",33,"2017-2018"
"Sam Dekker","F","6-9",230,"May 6, 1994","us","2","University of Wisconsin","LAC",24,"2017-2018"
"Patrick Beverley","G","6-1",185,"July 12, 1988","us","5","University of Arkansas","LAC",30,"2017-2018"
"DeAndre Jordan","C","6-11",265,"July 21, 1988","us","9","Texas A&M University","LAC",30,"2017-2018"
"Lou Williams","G","6-1",175,"October 27, 1986","us","12","","LAC",32,"2017-2018"
"Montrezl Harrell","F-C","6-8",240,"January 26, 1994","us","2","University of Louisville","LAC",24,"2017-2018"
"Austin Rivers","G","6-4",200,"August 1, 1992","us","5","Duke University","LAC",26,"2017-2018"
"Wesley Johnson","F-G","6-7",215,"July 11, 1987","us","7","Syracuse University","LAC",31,"2017-2018"
"Brice Johnson","F","6-10",230,"June 27, 1994","us","1","University of North Carolina","LAC",24,"2017-2018"
"Danilo Gallinari","F","6-10",225,"August 8, 1988","it","8","","LAC",30,"2017-2018"
"Milos Teodosic","G","6-5",196,"March 19, 1987","rs","R","","LAC",31,"2017-2018"
"Jawun Evans","G","6-0",185,"","","R","Oklahoma State University","LAC",NA,"2017-2018"
"Blake Griffin","F","6-10",251,"March 16, 1989","us","7","University of Oklahoma","LAC",29,"2017-2018"
"Sindarius Thornwell","G","6-5",212,"November 15, 1994","us","R","University of South Carolina","LAC",24,"2017-2018"
"Willie Reed","F-C","6-10",220,"May 16, 1990","us","2","Saint Louis University","LAC",28,"2017-2018"
"Tyrone Wallace","G","6-5",205,"June 10, 1994","us","R","University of California","LAC",24,"2017-2018"
"Marshall Plumlee","C","7-0",250,"July 14, 1992","us","1","Duke University","LAC",26,"2017-2018"
"C.J. Williams","G","6-5",225,"February 6, 1990","us","R","North Carolina State University","LAC",28,"2017-2018"
"LaDontae Henton","F","6-6",215,"January 6, 1992","us","R","Providence College","LAC",26,"2017-2018"
"Eric Bledsoe","G","6-1",205,"December 9, 1989","us","7","University of Kentucky","PHO",29,"2017-2018"
"Alex Len","C","7-1",260,"June 16, 1993","ua","4","University of Maryland","PHO",25,"2017-2018"
"T.J. Warren","F","6-8",230,"September 5, 1993","us","3","North Carolina State University","PHO",25,"2017-2018"
"Devin Booker","G","6-6",206,"October 30, 1996","us","2","University of Kentucky","PHO",22,"2017-2018"
"Tyson Chandler","C","7-1",240,"October 2, 1982","us","16","","PHO",36,"2017-2018"
"Brandon Knight","G","6-3",189,"December 2, 1991","us","6","University of Kentucky","PHO",27,"2017-2018"
"Troy Daniels","G","6-4",205,"July 15, 1991","us","4","Virginia Commonwealth University","PHO",27,"2017-2018"
"Jared Dudley","F-G","6-7",225,"July 10, 1985","us","10","Boston College","PHO",33,"2017-2018"
"Dragan Bender","F","7-1",225,"November 17, 1997","ba","1","","PHO",21,"2017-2018"
"Marquese Chriss","F","6-10",233,"July 2, 1997","us","1","University of Washington","PHO",21,"2017-2018"
"Tyler Ulis","G","5-10",150,"January 5, 1996","us","1","University of Kentucky","PHO",22,"2017-2018"
"Derrick Jones","F","6-7",190,"February 15, 1997","us","1","University of Nevada, Las Vegas","PHO",21,"2017-2018"
"Elijah Millsap","G-F","6-6",225,"August 12, 1987","us","3","University of Alabama at Birmingham","PHO",31,"2017-2018"
"Josh Jackson","G-F","6-8",207,"February 10, 1997","us","R","University of Kansas","PHO",21,"2017-2018"
"Davon Reed","G","6-5",208,"June 11, 1995","us","R","University of Miami","PHO",23,"2017-2018"
"Mike James","G","6-1",189,"August 18, 1990","us","R","Lamar University","PHO",28,"2017-2018"
"Alan Williams","F-C","6-8",260,"January 28, 1993","us","2","University of California, Santa Barbara","PHO",25,"2017-2018"
"Peter Jok","F","6-6",202,"March 30, 1994","sd","R","University of Iowa","PHO",24,"2017-2018"
"Anthony Bennett","F","6-8",245,"March 14, 1993","ca","4","University of Nevada, Las Vegas","PHO",25,"2017-2018"
"Rudy Gobert","C","7-1",245,"June 26, 1992","fr","4","","UTA",26,"2017-2018"
"Ricky Rubio","G","6-4",194,"October 21, 1990","es","6","","UTA",28,"2017-2018"
"Derrick Favors","F-C","6-10",265,"July 15, 1991","us","7","Georgia Institute of Technology","UTA",27,"2017-2018"
"Alec Burks","G","6-6",214,"July 20, 1991","us","6","University of Colorado","UTA",27,"2017-2018"
"Dante Exum","G","6-6",190,"July 13, 1995","au","2","","UTA",23,"2017-2018"
"Rodney Hood","G-F","6-8",206,"October 20, 1992","us","3","Duke University","UTA",26,"2017-2018"
"Raul Neto","G","6-1",179,"May 19, 1992","br","2","","UTA",26,"2017-2018"
"Joe Johnson","G-F","6-7",240,"June 29, 1981","us","16","University of Arkansas","UTA",37,"2017-2018"
"Joel Bolomboy","F","6-9",235,"January 28, 1994","ua","1","Weber State University","UTA",24,"2017-2018"
"Donovan Mitchell","G","6-3",211,"September 7, 1996","us","R","University of Louisville","UTA",22,"2017-2018"
"Tony Bradley","F-C","6-11",240,"January 8, 1998","us","R","University of North Carolina","UTA",20,"2017-2018"
"Jonas Jerebko","F","6-10",231,"March 2, 1987","se","7","","UTA",31,"2017-2018"
"Thabo Sefolosha","G-F","6-7",220,"May 2, 1984","ch","11","","UTA",34,"2017-2018"
"Royce O'Neal","F","6-6",215,"June 5, 1993","us","R","Baylor University","UTA",25,"2017-2018"
"Ekpe Udoh","C-F","6-10",240,"May 20, 1987","us","5","Baylor University","UTA",31,"2017-2018"
"Joe Ingles","F-G","6-8",226,"October 2, 1987","au","3","","UTA",31,"2017-2018"
"Naz Mitrou-Long","G","6-4",209,"August 3, 1993","ca","R","Iowa State University","UTA",25,"2017-2018"
"Taylor Braun","G","6-7",210,"July 6, 1991","us","R","North Dakota State University","UTA",27,"2017-2018"
"Paul George","F","6-9",220,"May 2, 1990","us","7","California State University, Fresno","OKC",28,"2017-2018"
"Carmelo Anthony","F","6-8",240,"May 29, 1984","us","14","Syracuse University","OKC",34,"2017-2018"
"Russell Westbrook","G","6-3",200,"November 12, 1988","us","9","University of California, Los Angeles","OKC",30,"2017-2018"
"Steven Adams","C","7-0",255,"July 20, 1993","nz","4","University of Pittsburgh","OKC",25,"2017-2018"
"Jerami Grant","F","6-8",210,"March 12, 1994","us","3","Syracuse University","OKC",24,"2017-2018"
"Kyle Singler","F","6-8",228,"May 4, 1988","us","5","Duke University","OKC",30,"2017-2018"
"Josh Huestis","F","6-7",230,"December 19, 1991","us","2","Stanford University","OKC",27,"2017-2018"
"Alex Abrines","G-F","6-6",190,"August 1, 1993","es","1","","OKC",25,"2017-2018"
"Semaj Christon","G","6-3",190,"November 1, 1992","us","1","Xavier University","OKC",26,"2017-2018"
"Patrick Patterson","F","6-9",230,"March 14, 1989","us","7","University of Kentucky","OKC",29,"2017-2018"
"Raymond Felton","G","6-1",205,"June 26, 1984","us","12","University of North Carolina","OKC",34,"2017-2018"
"Andre Roberson","G-F","6-7",210,"December 4, 1991","us","4","University of Colorado","OKC",27,"2017-2018"
"Dakari Johnson","C","7-0",255,"September 22, 1995","us","R","University of Kentucky","OKC",23,"2017-2018"
"Nick Collison","F","6-10",255,"October 26, 1980","us","13","University of Kansas","OKC",38,"2017-2018"
"Terrance Ferguson","G-F","6-7",184,"May 17, 1998","us","R","","OKC",20,"2017-2018"
"Markel Brown","G","6-3",190,"January 29, 1992","us","2","Oklahoma State University","OKC",26,"2017-2018"
"Isaiah Canaan","G","6-0",201,"May 21, 1991","us","4","Murray State University","OKC",27,"2017-2018"
"Bryce Alford","G","6-3",185,"January 18, 1995","us","R","University of California, Los Angeles","OKC",23,"2017-2018"
"Rashawn Thomas","F","6-8",230,"August 15, 1994","us","R","","OKC",24,"2017-2018"
"Nik Stauskas","G","6-6",205,"October 7, 1993","ca","3","University of Michigan","PHI",25,"2017-2018"
"Joel Embiid","C-F","7-0",250,"March 16, 1994","cm","1","University of Kansas","PHI",24,"2017-2018"
"Robert Covington","F","6-9",215,"December 14, 1990","us","4","Tennessee State University","PHI",28,"2017-2018"
"Jahlil Okafor","C-F","6-11",275,"December 15, 1995","us","2","Duke University","PHI",23,"2017-2018"
"Justin Anderson","G","6-6",228,"November 19, 1993","us","2","University of Virginia","PHI",25,"2017-2018"
"Richaun Holmes","F-C","6-10",245,"October 15, 1993","us","2","Bowling Green State University","PHI",25,"2017-2018"
"Ben Simmons","F","6-10",240,"July 20, 1996","au","R","Louisiana State University","PHI",22,"2017-2018"
"Timothe Luwawu-Cabarrot","F","6-6",205,"May 9, 1995","fr","1","","PHI",23,"2017-2018"
"Dario Saric","F","6-10",223,"April 8, 1994","hr","1","","PHI",24,"2017-2018"
"Jerryd Bayless","G","6-3",200,"August 20, 1988","us","9","University of Arizona","PHI",30,"2017-2018"
"T.J. McConnell","G","6-2",200,"March 25, 1992","us","2","University of Arizona","PHI",26,"2017-2018"
"Furkan Korkmaz","G","6-7",185,"July 24, 1997","tr","R","","PHI",21,"2017-2018"
"Amir Johnson","F-C","6-9",240,"May 1, 1987","us","12","","PHI",31,"2017-2018"
"J.J. Redick","G","6-4",190,"June 24, 1984","us","11","Duke University","PHI",34,"2017-2018"
"Markelle Fultz","G","6-4",195,"May 29, 1998","us","R","University of Washington","PHI",20,"2017-2018"
"James Blackmon","G","6-4",195,"April 25, 1995","us","R","Indiana University","PHI",23,"2017-2018"
"Jacob Pullen","G","6-1",200,"November 10, 1989","us","R","Kansas State University","PHI",29,"2017-2018"
"Emeka Okafor","C-F","6-10",252,"September 28, 1982","us","9","University of Connecticut","PHI",36,"2017-2018"
"Kris Humphries","F-C","6-9",235,"February 6, 1985","us","13","University of Minnesota","PHI",33,"2017-2018"
"Anthony Davis","F-C","6-10",253,"March 11, 1993","us","5","University of Kentucky","NOP",25,"2017-2018"
"DeMarcus Cousins","C-F","6-11",270,"August 13, 1990","us","7","University of Kentucky","NOP",28,"2017-2018"
"Alexis Ajinca","C","7-2",248,"May 6, 1988","fr","7","","NOP",30,"2017-2018"
"Omer Asik","C","7-0",255,"July 4, 1986","tr","7","","NOP",32,"2017-2018"
"E'Twaun Moore","G","6-4",191,"February 28, 1989","us","6","Purdue University","NOP",29,"2017-2018"
"Cheick Diallo","F","6-9",220,"September 13, 1996","ml","1","University of Kansas","NOP",22,"2017-2018"
"Solomon Hill","F","6-7",225,"March 18, 1991","us","4","University of Arizona","NOP",27,"2017-2018"
"Jordan Crawford","G","6-4",195,"October 23, 1988","us","5","Xavier University","NOP",30,"2017-2018"
"Jrue Holiday","G","6-4",205,"June 12, 1990","us","8","University of California, Los Angeles","NOP",28,"2017-2018"
"Frank Jackson","G","6-4",202,"May 4, 1998","us","R","Duke University","NOP",20,"2017-2018"
"Rajon Rondo","G","6-1",186,"February 22, 1986","us","11","University of Kentucky","NOP",32,"2017-2018"
"Darius Miller","F","6-8",235,"March 21, 1990","us","3","University of Kentucky","NOP",28,"2017-2018"
"Ian Clark","G","6-3",175,"March 7, 1991","us","4","Belmont University","NOP",27,"2017-2018"
"Perry Jones","F","6-11",235,"September 24, 1991","us","3","Baylor University","NOP",27,"2017-2018"
"Tony Allen","G-F","6-4",213,"January 11, 1982","us","13","Oklahoma State University","NOP",36,"2017-2018"
"Cliff Alexander","F","6-8",245,"November 16, 1995","us","1","University of Kansas","NOP",23,"2017-2018"
"Dante Cunningham","F","6-8",230,"April 22, 1987","us","8","Villanova University","NOP",31,"2017-2018"
"Wilson Chandler","F","6-8",225,"May 10, 1987","us","9","DePaul University","DEN",31,"2017-2018"
"Kenneth Faried","F","6-8",228,"November 19, 1989","us","6","Morehead State University","DEN",29,"2017-2018"
"Gary Harris","G","6-4",210,"September 14, 1994","us","3","Michigan State University","DEN",24,"2017-2018"
"Emmanuel Mudiay","G","6-5",200,"March 5, 1996","cd","2","","DEN",22,"2017-2018"
"Trey Lyles","F","6-10",234,"November 5, 1995","ca","2","University of Kentucky","DEN",23,"2017-2018"
"Jameer Nelson","G","6-0",190,"February 9, 1982","us","13","Saint Joseph's University","DEN",36,"2017-2018"
"Nikola Jokic","C-F","6-10",250,"February 19, 1995","rs","2","","DEN",23,"2017-2018"
"Will Barton","G","6-6",175,"January 6, 1991","us","5","University of Memphis","DEN",27,"2017-2018"
"Darrell Arthur","F","6-9",235,"March 25, 1988","us","8","University of Kansas","DEN",30,"2017-2018"
"Malik Beasley","G","6-5",196,"November 26, 1996","us","1","Florida State University","DEN",22,"2017-2018"
"Jamal Murray","G","6-4",207,"February 23, 1997","ca","1","University of Kentucky","DEN",21,"2017-2018"
"Juan Hernangomez","F","6-9",230,"September 28, 1995","es","1","","DEN",23,"2017-2018"
"Tyler Lydon","F","6-10",215,"April 9, 1996","us","R","Syracuse University","DEN",22,"2017-2018"
"Paul Millsap","F","6-8",246,"February 10, 1985","us","11","Louisiana Tech University","DEN",33,"2017-2018"
"Mason Plumlee","C-F","6-11",245,"March 5, 1990","us","4","Duke University","DEN",28,"2017-2018"
"Josh Childress","G-F","6-8",210,"June 20, 1983","us","8","Stanford University","DEN",35,"2017-2018"
"Klay Thompson","G-F","6-7",215,"February 8, 1990","us","6","Washington State University","GSW",28,"2017-2018"
"Kevon Looney","F-C","6-9",220,"February 6, 1996","us","2","University of California, Los Angeles","GSW",22,"2017-2018"
"Draymond Green","F","6-7",230,"March 4, 1990","us","5","Michigan State University","GSW",28,"2017-2018"
"Patrick McCaw","G","6-7",185,"October 25, 1995","us","1","University of Nevada, Las Vegas","GSW",23,"2017-2018"
"Damian Jones","F-C","7-0",245,"June 30, 1995","us","1","Vanderbilt University","GSW",23,"2017-2018"
"Jordan Bell","F","6-9",224,"January 7, 1995","us","R","University of Oregon","GSW",23,"2017-2018"
"Stephen Curry","G","6-3",190,"March 14, 1988","us","8","Davidson College","GSW",30,"2017-2018"
"Kevin Durant","F-G","6-9",240,"September 29, 1988","us","10","University of Texas at Austin","GSW",30,"2017-2018"
"Andre Iguodala","G-F","6-6",215,"January 28, 1984","us","13","University of Arizona","GSW",34,"2017-2018"
"Shaun Livingston","G","6-7",192,"September 11, 1985","us","12","","GSW",33,"2017-2018"
"Nick Young","G-F","6-7",210,"June 1, 1985","us","10","University of Southern California","GSW",33,"2017-2018"
"Zaza Pachulia","C","6-11",270,"February 10, 1984","ge","14","","GSW",34,"2017-2018"
"Omri Casspi","F","6-9",225,"June 22, 1988","il","8","","GSW",30,"2017-2018"
"David West","F","6-9",250,"August 29, 1980","us","14","Xavier University","GSW",38,"2017-2018"
"JaVale McGee","C","7-0",270,"January 19, 1988","us","9","University of Nevada, Reno","GSW",30,"2017-2018"
"Georges Niang","F","6-8",230,"June 17, 1993","us","1","Iowa State University","GSW",25,"2017-2018"
"Michael Gbinije","G","6-7",200,"June 5, 1992","us","1","Syracuse University","GSW",26,"2017-2018"
"Avery Bradley","G","6-2",180,"November 26, 1990","us","7","University of Texas at Austin","DET",28,"2017-2018"
"Stanley Johnson","F","6-7",245,"May 29, 1996","us","2","University of Arizona","DET",22,"2017-2018"
"Tobias Harris","F","6-9",235,"July 15, 1992","us","6","University of Tennessee","DET",26,"2017-2018"
"Reggie Jackson","G","6-3",208,"April 16, 1990","it","6","Boston College","DET",28,"2017-2018"
"Jon Leuer","F","6-10",228,"May 14, 1989","us","6","University of Wisconsin","DET",29,"2017-2018"
"Ish Smith","G","6-0",175,"July 5, 1988","us","7","Wake Forest University","DET",30,"2017-2018"
"Andre Drummond","C","6-11",279,"August 10, 1993","us","5","University of Connecticut","DET",25,"2017-2018"
"Boban Marjanovic","C","7-3",290,"August 15, 1988","rs","2","","DET",30,"2017-2018"
"Henry Ellenson","F","6-11",245,"January 13, 1997","us","1","Marquette University","DET",21,"2017-2018"
"Luke Kennard","G","6-6",206,"June 24, 1996","us","R","Duke University","DET",22,"2017-2018"
"Langston Galloway","G","6-2",200,"December 9, 1991","us","3","Saint Joseph's University","DET",27,"2017-2018"
"Eric Moreland","F-C","6-10",238,"December 24, 1991","us","2","Oregon State University","DET",27,"2017-2018"
"Reggie Bullock","G-F","6-7",205,"March 16, 1991","us","4","University of North Carolina","DET",27,"2017-2018"
"Anthony Tolliver","F-C","6-8",240,"June 1, 1985","us","9","Creighton University","DET",33,"2017-2018"
"Landry Nnoko","F-C","6-10",255,"April 9, 1994","cm","R","Clemson University","DET",24,"2017-2018"
"Beno Udrih","G","6-3",205,"July 5, 1982","si","13","","DET",36,"2017-2018"
"Channing Frye","C-F","6-11",255,"May 17, 1983","us","11","University of Arizona","CLE",35,"2017-2018"
"Isaiah Thomas","G","5-9",185,"February 7, 1989","us","6","University of Washington","CLE",29,"2017-2018"
"Jae Crowder","F","6-6",235,"July 6, 1990","us","5","Marquette University","CLE",28,"2017-2018"
"Kevin Love","F","6-10",251,"September 7, 1988","us","9","University of California, Los Angeles","CLE",30,"2017-2018"
"Iman Shumpert","G","6-5",220,"June 26, 1990","us","6","Georgia Institute of Technology","CLE",28,"2017-2018"
"Tristan Thompson","F-C","6-9",238,"March 13, 1991","ca","6","University of Texas at Austin","CLE",27,"2017-2018"
"Richard Jefferson","F","6-7",233,"June 21, 1980","us","16","University of Arizona","CLE",38,"2017-2018"
"Kay Felder","G","5-9",176,"March 29, 1995","us","1","Oakland University","CLE",23,"2017-2018"
"LeBron James","F-G","6-8",250,"December 30, 1984","us","14","","CLE",34,"2017-2018"
"J.R. Smith","G-F","6-6",225,"September 9, 1985","us","13","","CLE",33,"2017-2018"
"Edy Tavares","C","7-3",260,"March 22, 1992","cv","2","","CLE",26,"2017-2018"
"Ante Zizic","F-C","6-11",250,"January 4, 1997","hr","R","","CLE",21,"2017-2018"
"Jose Calderon","G","6-3",200,"September 28, 1981","es","12","","CLE",37,"2017-2018"
"Jeff Green","F","6-9",235,"August 28, 1986","us","9","Georgetown University","CLE",32,"2017-2018"
"Kyle Korver","G-F","6-7",212,"March 17, 1981","us","14","Creighton University","CLE",37,"2017-2018"
"Cedi Osman","F","6-8",210,"April 8, 1995","mk","R","","CLE",23,"2017-2018"
"Derrick Rose","G","6-3",190,"October 4, 1988","us","8","University of Memphis","CLE",30,"2017-2018"
"Kendrick Perkins","C","6-10",270,"November 10, 1984","us","13","","CLE",34,"2017-2018"
"Dwyane Wade","G","6-4",220,"January 17, 1982","us","14","Marquette University","CLE",36,"2017-2018"
"Marc Gasol","C","7-1",255,"January 29, 1985","es","9","","MEM",33,"2017-2018"
"Jarell Martin","F","6-10",239,"May 24, 1994","us","2","Louisiana State University","MEM",24,"2017-2018"
"Brandan Wright","F-C","6-10",210,"October 5, 1987","us","9","University of North Carolina","MEM",31,"2017-2018"
"Chandler Parsons","F","6-10",230,"October 25, 1988","us","6","University of Florida","MEM",30,"2017-2018"
"Andrew Harrison","G","6-6",213,"October 28, 1994","us","1","University of Kentucky","MEM",24,"2017-2018"
"Mike Conley","G","6-1",175,"October 11, 1987","us","10","Ohio State University","MEM",31,"2017-2018"
"James Ennis","F","6-7",210,"July 1, 1990","us","3","California State University, Long Beach","MEM",28,"2017-2018"
"Wade Baldwin","G","6-4",202,"March 29, 1996","us","1","Vanderbilt University","MEM",22,"2017-2018"
"Deyonta Davis","F-C","6-11",237,"December 2, 1996","us","1","Michigan State University","MEM",22,"2017-2018"
"Ben McLemore","G","6-5",195,"February 11, 1993","us","4","University of Kansas","MEM",25,"2017-2018"
"Tyreke Evans","G-F","6-6",220,"September 19, 1989","us","8","University of Memphis","MEM",29,"2017-2018"
"Rade Zagorac","G-F","6-9",202,"August 12, 1995","rs","R","","MEM",23,"2017-2018"
"Jeremy Morgan","G","6-5",192,"May 8, 1995","us","R","University of Northern Iowa","MEM",23,"2017-2018"
"Wayne Selden","G-F","6-5",230,"September 30, 1994","us","1","University of Kansas","MEM",24,"2017-2018"
"Mario Chalmers","G","6-2",190,"May 19, 1986","us","8","University of Kansas","MEM",32,"2017-2018"
"Dillon Brooks","G-F","6-6",220,"January 22, 1996","ca","R","University of Oregon","MEM",22,"2017-2018"
"Ivan Rabb","F","6-10",220,"February 4, 1997","us","R","University of California","MEM",21,"2017-2018"
"JaMychal Green","F","6-9",227,"June 21, 1990","us","3","University of Alabama","MEM",28,"2017-2018"
"Marcin Gortat","C-F","6-11",240,"February 17, 1984","pl","10","","WAS",34,"2017-2018"
"Markieff Morris","F","6-10",245,"September 2, 1989","us","6","University of Kansas","WAS",29,"2017-2018"
"John Wall","G","6-4",195,"September 6, 1990","us","7","University of Kentucky","WAS",28,"2017-2018"
"Kelly Oubre Jr.","F","6-7",205,"December 9, 1995","us","2","University of Kansas","WAS",23,"2017-2018"
"Chris McCullough","F","6-11",200,"February 5, 1995","us","2","Syracuse University","WAS",23,"2017-2018"
"Ian Mahinmi","C","6-11",250,"November 5, 1986","fr","9","","WAS",32,"2017-2018"
"Jason Smith","F-C","7-0",245,"March 2, 1986","us","9","Colorado State University","WAS",32,"2017-2018"
"Daniel Ochefu","C","6-11",245,"December 15, 1993","us","1","Villanova University","WAS",25,"2017-2018"
"Tomas Satoransky","G","6-7",210,"October 30, 1991","cz","1","","WAS",27,"2017-2018"
"Tim Frazier","G","6-1",170,"November 1, 1990","us","3","Pennsylvania State University","WAS",28,"2017-2018"
"Bradley Beal","G","6-5",207,"June 28, 1993","us","5","University of Florida","WAS",25,"2017-2018"
"Sheldon Mac","G","6-5",200,"December 21, 1992","us","1","University of Miami","WAS",26,"2017-2018"
"Otto Porter","F","6-8",198,"June 3, 1993","us","4","Georgetown University","WAS",25,"2017-2018"
"Mike Scott","F","6-8",237,"July 16, 1988","us","5","University of Virginia","WAS",30,"2017-2018"
"Jodie Meeks","G","6-4",210,"August 21, 1987","us","8","University of Kentucky","WAS",31,"2017-2018"
"Donald Sloan","G","6-3",205,"January 15, 1988","us","5","Texas A&M University","WAS",30,"2017-2018"
"Carrick Felix","G","6-6",201,"August 17, 1990","us","1","Arizona State University","WAS",28,"2017-2018"
"D'Angelo Russell","G","6-5",195,"February 23, 1996","us","2","Ohio State University","BRK",22,"2017-2018"
"Rondae Hollis-Jefferson","F","6-7",220,"January 3, 1995","us","2","University of Arizona","BRK",23,"2017-2018"
"DeMarre Carroll","F","6-8",215,"July 27, 1986","us","8","University of Missouri","BRK",32,"2017-2018"
"Sean Kilpatrick","G","6-4",210,"January 6, 1990","us","3","University of Cincinnati","BRK",28,"2017-2018"
"Jeremy Lin","G","6-3",200,"August 23, 1988","us","7","Harvard University","BRK",30,"2017-2018"
"Timofey Mozgov","C","7-1",275,"July 16, 1986","ru","7","","BRK",32,"2017-2018"
"Trevor Booker","F","6-8",228,"November 25, 1987","us","7","Clemson University","BRK",31,"2017-2018"
"Allen Crabbe","G-F","6-6",210,"April 9, 1992","us","4","University of California","BRK",26,"2017-2018"
"Isaiah Whitehead","G","6-4",213,"March 8, 1995","us","1","Seton Hall University","BRK",23,"2017-2018"
"Caris LeVert","G-F","6-7",203,"August 25, 1994","us","1","University of Michigan","BRK",24,"2017-2018"
"Joe Harris","G","6-6",219,"September 7, 1991","us","3","University of Virginia","BRK",27,"2017-2018"
"Spencer Dinwiddie","G","6-6",200,"April 6, 1993","us","3","University of Colorado","BRK",25,"2017-2018"
"Quincy Acy","F","6-7",240,"October 6, 1990","us","5","Baylor University","BRK",28,"2017-2018"
"Jarrett Allen","F-C","6-10",234,"August 21, 1998","us","R","University of Texas at Austin","BRK",20,"2017-2018"
"Jeremy Senglin","G","6-2",195,"March 24, 1995","us","R","Weber State University","BRK",23,"2017-2018"
"Milton Doyle","G","6-4",185,"October 31, 1993","us","R","Loyola University of Chicago","BRK",25,"2017-2018"
"Tyler Zeller","F-C","7-0",253,"January 17, 1990","us","5","University of North Carolina","BRK",28,"2017-2018"
"Akil Mitchell","F","6-9",230,"June 26, 1992","us","R","University of Virginia","BRK",26,"2017-2018"
"Quincy Pondexter","G-F","6-7",220,"March 10, 1988","us","5","University of Washington","CHI",30,"2017-2018"
"Zach LaVine","G","6-5",189,"March 10, 1995","us","3","University of California, Los Angeles","CHI",23,"2017-2018"
"Cameron Payne","G","6-3",185,"August 8, 1994","us","2","Murray State University","CHI",24,"2017-2018"
"Jerian Grant","G","6-4",195,"October 9, 1992","us","2","University of Notre Dame","CHI",26,"2017-2018"
"Bobby Portis","F","6-11",230,"February 10, 1995","us","2","University of Arkansas","CHI",23,"2017-2018"
"Robin Lopez","C","7-0",255,"April 1, 1988","us","9","Stanford University","CHI",30,"2017-2018"
"Denzel Valentine","G","6-6",212,"November 16, 1993","us","1","Michigan State University","CHI",25,"2017-2018"
"Paul Zipser","G-F","6-8",215,"February 18, 1994","de","1","","CHI",24,"2017-2018"
"Kris Dunn","G","6-4",210,"March 18, 1994","us","1","Providence College","CHI",24,"2017-2018"
"David Nwaba","G","6-4",209,"January 14, 1993","us","1","California Polytechnic State University, San Luis Obispo","CHI",25,"2017-2018"
"Lauri Markkanen","F","7-0",230,"May 22, 1997","fi","R","University of Arizona","CHI",21,"2017-2018"
"Cristiano Felicio","F-C","6-10",275,"July 7, 1992","br","2","","CHI",26,"2017-2018"
"Justin Holiday","G","6-6",185,"April 5, 1989","us","4","University of Washington","CHI",29,"2017-2018"
"Diamond Stone","C","6-11",255,"February 10, 1997","us","1","University of Maryland","CHI",21,"2017-2018"
"Jarell Eddie","G-F","6-7",218,"October 30, 1991","us","2","Virginia Polytechnic Institute and State University","CHI",27,"2017-2018"
"Jaylen Johnson","F","6-9",215,"August 7, 1996","us","R","University of Louisville","CHI",22,"2017-2018"
"Nikola Mirotic","F","6-10",220,"February 11, 1991","me","3","","CHI",27,"2017-2018"
"Bronson Koenig","G","6-3",194,"November 13, 1994","us","R","University of Wisconsin","CHI",24,"2017-2018"
"Willie Cauley-Stein","F-C","7-0",240,"August 18, 1993","us","2","University of Kentucky","SAC",25,"2017-2018"
"Kosta Koufos","C","7-0",265,"February 24, 1989","us","9","Ohio State University","SAC",29,"2017-2018"
"Garrett Temple","G","6-6",195,"May 8, 1986","us","7","Louisiana State University","SAC",32,"2017-2018"
"Georgios Papagiannis","C","7-1",240,"July 3, 1997","gr","1","","SAC",21,"2017-2018"
"Malachi Richardson","G","6-6",205,"January 5, 1996","us","1","Syracuse University","SAC",22,"2017-2018"
"Skal Labissiere","F","6-11",225,"March 18, 1996","ht","1","University of Kentucky","SAC",22,"2017-2018"
"Buddy Hield","G","6-4",214,"December 17, 1993","bs","1","University of Oklahoma","SAC",25,"2017-2018"
"Harry Giles","F-C","6-10",240,"April 22, 1998","us","R","Duke University","SAC",20,"2017-2018"
"Justin Jackson","G-F","6-8",200,"March 28, 1995","us","R","University of North Carolina","SAC",23,"2017-2018"
"Vince Carter","G-F","6-6",220,"January 26, 1977","us","19","University of North Carolina","SAC",41,"2017-2018"
"Zach Randolph","F","6-9",260,"July 16, 1981","us","16","Michigan State University","SAC",37,"2017-2018"
"George Hill","G","6-3",188,"May 4, 1986","us","9","Indiana University-Purdue University Indianapolis","SAC",32,"2017-2018"
"De'Aaron Fox","G","6-3",170,"December 20, 1997","us","R","University of Kentucky","SAC",21,"2017-2018"
"Bogdan Bogdanovic","G","6-6",205,"August 18, 1992","rs","R","","SAC",26,"2017-2018"
"Frank Mason III","G","6-0",189,"April 3, 1994","us","R","University of Kansas","SAC",24,"2017-2018"
"Matt Jones","G","6-5",204,"December 5, 1994","us","R","Duke University","SAC",24,"2017-2018"
"Marcus Williams","G","6-3",205,"December 3, 1985","us","4","University of Connecticut","SAC",33,"2017-2018"
"John Henson","C-F","6-11",229,"December 28, 1990","us","5","University of North Carolina","MIL",28,"2017-2018"
"Giannis Antetokounmpo","F-G","6-11",222,"December 6, 1994","gr","4","","MIL",24,"2017-2018"
"Jabari Parker","F","6-8",250,"March 15, 1995","us","3","Duke University","MIL",23,"2017-2018"
"Rashad Vaughn","G","6-6",202,"August 16, 1996","us","2","University of Nevada, Las Vegas","MIL",22,"2017-2018"
"Khris Middleton","F-G","6-8",234,"August 12, 1991","us","5","Texas A&M University","MIL",27,"2017-2018"
"Greg Monroe","C-F","6-11",265,"June 4, 1990","us","7","Georgetown University","MIL",28,"2017-2018"
"Mirza Teletovic","F","6-9",242,"September 18, 1985","ba","5","","MIL",33,"2017-2018"
"Matthew Dellavedova","G","6-4",198,"September 8, 1990","au","4","Saint Mary's College of California","MIL",28,"2017-2018"
"Thon Maker","F-C","7-1",216,"February 25, 1997","ss","1","","MIL",21,"2017-2018"
"Malcolm Brogdon","G","6-5",215,"December 11, 1992","us","1","University of Virginia","MIL",26,"2017-2018"
"Gary Payton II","G","6-3",190,"December 1, 1992","us","1","Oregon State University","MIL",26,"2017-2018"
"D.J. Wilson","F","6-10",234,"February 19, 1996","us","R","University of Michigan","MIL",22,"2017-2018"
"Sterling Brown","G","6-5",225,"February 10, 1995","us","R","Southern Methodist University","MIL",23,"2017-2018"
"Tony Snell","G-F","6-7",200,"November 10, 1991","us","4","University of New Mexico","MIL",27,"2017-2018"
"James Young","G-F","6-6",215,"August 16, 1995","us","3","University of Kentucky","MIL",23,"2017-2018"
"Jason Terry","G","6-2",185,"September 15, 1977","us","18","University of Arizona","MIL",41,"2017-2018"
"Brandon Rush","G-F","6-6",220,"July 7, 1985","us","9","University of Kansas","MIL",33,"2017-2018"
"Kendall Marshall","G","6-4",200,"August 19, 1991","us","4","University of North Carolina","MIL",27,"2017-2018"
"Gerald Green","G-F","6-7",205,"January 26, 1986","us","10","","MIL",32,"2017-2018"
"Joel Anthony","C","6-9",245,"August 9, 1982","ca","10","University of Nevada, Las Vegas","MIL",36,"2017-2018"
"James Harden","G","6-5",220,"August 26, 1989","us","8","Arizona State University","HOU",29,"2017-2018"
"Trevor Ariza","F","6-8",215,"June 30, 1985","us","13","University of California, Los Angeles","HOU",33,"2017-2018"
"Chris Paul","G","6-0",175,"May 6, 1985","us","12","Wake Forest University","HOU",33,"2017-2018"
"Clint Capela","F-C","6-10",240,"May 18, 1994","ch","3","","HOU",24,"2017-2018"
"Ryan Anderson","F","6-10",240,"May 6, 1988","us","9","University of California","HOU",30,"2017-2018"
"Eric Gordon","G","6-4",215,"December 25, 1988","us","9","Indiana University","HOU",30,"2017-2018"
"Chinanu Onuaku","F-C","6-10",245,"November 1, 1996","us","1","University of Louisville","HOU",22,"2017-2018"
"Tim Quarterman","G","6-6",195,"October 27, 1994","us","1","Louisiana State University","HOU",24,"2017-2018"
"Isaiah Taylor","G","6-3",170,"July 11, 1994","us","1","University of Texas at Austin","HOU",24,"2017-2018"
"Nene","F-C","6-11",250,"September 13, 1982","br","15","","HOU",36,"2017-2018"
"P.J. Tucker","F","6-6",245,"May 5, 1985","us","6","University of Texas at Austin","HOU",33,"2017-2018"
"Cameron Oliver","F","6-8",239,"July 11, 1996","us","R","University of Nevada, Reno","HOU",22,"2017-2018"
"Tarik Black","C-F","6-9",250,"November 22, 1991","us","3","University of Kansas","HOU",27,"2017-2018"
"Luc Mbah a Moute","F","6-8",230,"September 9, 1986","cm","9","University of California, Los Angeles","HOU",32,"2017-2018"
"Troy Williams","F","6-7",218,"December 30, 1994","us","1","Indiana University","HOU",24,"2017-2018"
"Zhou Qi","F-C","7-1",210,"January 16, 1996","cn","R","","HOU",22,"2017-2018"
"Chris Johnson","F-G","6-6",206,"April 29, 1990","us","4","University of Dayton","HOU",28,"2017-2018"
"Bobby Brown","G","6-2",175,"September 24, 1984","us","3","California State University, Fullerton","HOU",34,"2017-2018"
"George de Paula","G","6-6",194,"May 24, 1996","br","R","","HOU",22,"2017-2018"
"Julius Randle","F","6-9",250,"November 29, 1994","us","3","University of Kentucky","LAL",24,"2017-2018"
"Larry Nance Jr.","F","6-9",230,"January 1, 1993","us","2","University of Wyoming","LAL",25,"2017-2018"
"Brook Lopez","C","7-0",275,"April 1, 1988","us","9","Stanford University","LAL",30,"2017-2018"
"Corey Brewer","F-G","6-9",186,"March 5, 1986","us","10","University of Florida","LAL",32,"2017-2018"
"Luol Deng","F","6-9",220,"April 16, 1985","ss","13","Duke University","LAL",33,"2017-2018"
"Ivica Zubac","C","7-1",265,"March 18, 1997","ba","1","","LAL",21,"2017-2018"
"Jordan Clarkson","G","6-5",194,"June 7, 1992","us","3","University of Missouri","LAL",26,"2017-2018"
"Brandon Ingram","F","6-9",190,"September 2, 1997","us","1","Duke University","LAL",21,"2017-2018"
"Lonzo Ball","G","6-6",190,"October 27, 1997","us","R","University of California, Los Angeles","LAL",21,"2017-2018"
"Kyle Kuzma","F","6-9",220,"July 24, 1995","us","R","University of Utah","LAL",23,"2017-2018"
"Josh Hart","G","6-5",209,"March 6, 1995","us","R","Villanova University","LAL",23,"2017-2018"
"Kentavious Caldwell-Pope","G","6-5",205,"February 18, 1993","us","4","University of Georgia","LAL",25,"2017-2018"
"Tyler Ennis","G","6-3",194,"August 24, 1994","ca","3","Syracuse University","LAL",24,"2017-2018"
"Thomas Bryant","C","6-10",248,"July 31, 1997","us","R","Indiana University","LAL",21,"2017-2018"
"Vander Blue","G","6-4",200,"July 17, 1992","us","2","Marquette University","LAL",26,"2017-2018"
"V.J. Beachem","F","6-8",200,"January 15, 1995","us","R","University of Notre Dame","LAL",23,"2017-2018"
"Stephen Zimmerman","C","7-0",240,"September 9, 1996","us","1","University of Nevada, Las Vegas","LAL",22,"2017-2018"
"Briante Weber","G","6-2",165,"December 29, 1992","us","2","Virginia Commonwealth University","LAL",26,"2017-2018"
"Andrew Bogut","C","7-0",260,"November 28, 1984","au","12","University of Utah","LAL",34,"2017-2018"
"Doug McDermott","F","6-8",225,"January 3, 1992","us","3","Creighton University","NYK",26,"2017-2018"
"Kristaps Porzingis","F-C","7-3",240,"August 2, 1995","lv","2","","NYK",23,"2017-2018"
"Kyle O'Quinn","F-C","6-10",250,"March 26, 1990","us","5","Norfolk State University","NYK",28,"2017-2018"
"Enes Kanter","C","6-11",245,"May 20, 1992","ch","6","","NYK",26,"2017-2018"
"Mindaugas Kuzminskas","F","6-9",215,"October 19, 1989","lt","1","","NYK",29,"2017-2018"
"Joakim Noah","C","6-11",230,"February 25, 1985","us","10","University of Florida","NYK",33,"2017-2018"
"Courtney Lee","G","6-5",200,"October 3, 1985","us","9","Western Kentucky University","NYK",33,"2017-2018"
"Lance Thomas","F","6-8",235,"April 24, 1988","us","6","Duke University","NYK",30,"2017-2018"
"Willy Hernangomez","C","6-11",240,"May 27, 1994","es","1","","NYK",24,"2017-2018"
"Frank Ntilikina","G","6-5",190,"July 28, 1998","be","R","","NYK",20,"2017-2018"
"Tim Hardaway","G","6-6",205,"March 16, 1992","us","4","University of Michigan","NYK",26,"2017-2018"
"Ron Baker","G","6-4",220,"March 30, 1993","us","1","Wichita State University","NYK",25,"2017-2018"
"Damyean Dotson","G","6-6",205,"May 6, 1994","us","R","University of Houston","NYK",24,"2017-2018"
"Michael Beasley","F","6-9",235,"January 9, 1989","us","9","Kansas State University","NYK",29,"2017-2018"
"Ramon Sessions","G","6-3",190,"April 11, 1986","us","10","University of Nevada, Reno","NYK",32,"2017-2018"
"Nigel Hayes","F","6-8",254,"December 16, 1994","us","R","University of Wisconsin","NYK",24,"2017-2018"
"Jamel Artis","F","6-7",213,"January 12, 1993","us","R","University of Pittsburgh","NYK",25,"2017-2018"
"Xavier Rathan-Mayes","G","6-4",208,"April 29, 1994","ca","R","Florida State University","NYK",24,"2017-2018"
"Jarrett Jack","G","6-3",200,"October 28, 1983","us","12","Georgia Institute of Technology","NYK",35,"2017-2018"
"Lucas Nogueira","C","7-0",241,"July 26, 1992","br","3","","TOR",26,"2017-2018"
"Jonas Valanciunas","C","7-0",265,"May 6, 1992","lt","5","","TOR",26,"2017-2018"
"Bruno Caboclo","F","6-9",218,"September 21, 1995","br","3","","TOR",23,"2017-2018"
"Delon Wright","G","6-5",183,"April 26, 1992","us","2","University of Utah","TOR",26,"2017-2018"
"Norman Powell","G","6-4",215,"May 25, 1993","us","2","University of California, Los Angeles","TOR",25,"2017-2018"
"DeMar DeRozan","G","6-7",221,"August 7, 1989","us","8","University of Southern California","TOR",29,"2017-2018"
"Jakob Poeltl","C","7-0",248,"October 15, 1995","at","1","University of Utah","TOR",23,"2017-2018"
"Pascal Siakam","F","6-9",230,"February 4, 1994","cm","1","New Mexico State University","TOR",24,"2017-2018"
"Fred VanVleet","G","6-0",195,"February 25, 1994","us","1","Wichita State University","TOR",24,"2017-2018"
"OG Anunoby","F","6-8",232,"July 17, 1997","gb","R","Indiana University","TOR",21,"2017-2018"
"Alfonzo McKinnie","F","6-8",215,"September 17, 1992","us","R","University of Wisconsin-Green Bay","TOR",26,"2017-2018"
"Kennedy Meeks","F","6-10",277,"February 5, 1995","us","R","University of North Carolina","TOR",23,"2017-2018"
"C.J. Miles","G-F","6-6",225,"April 18, 1987","us","12","","TOR",31,"2017-2018"
"Kyle Lowry","G","6-0",205,"March 25, 1986","us","11","Villanova University","TOR",32,"2017-2018"
"Serge Ibaka","F-C","6-10",235,"September 18, 1989","cg","8","","TOR",29,"2017-2018"
"Kyle Wiltjer","F","6-10",240,"October 20, 1992","us","1","Gonzaga University","TOR",26,"2017-2018"
"K.J. McDaniels","G-F","6-6",205,"February 9, 1993","us","3","Clemson University","TOR",25,"2017-2018"
"Andy Rautins","G","6-4",190,"November 2, 1986","us","1","Syracuse University","TOR",32,"2017-2018"
"Tony Parker","G","6-2",185,"May 17, 1982","be","16","","SAS",36,"2017-2018"
"Kyle Anderson","F-G","6-9",230,"September 20, 1993","us","3","University of California, Los Angeles","SAS",25,"2017-2018"
"Kawhi Leonard","F","6-7",230,"June 29, 1991","us","6","San Diego State University","SAS",27,"2017-2018"
"Danny Green","G-F","6-6",215,"June 22, 1987","us","8","University of North Carolina","SAS",31,"2017-2018"
"LaMarcus Aldridge","F-C","6-11",260,"July 19, 1985","us","11","University of Texas at Austin","SAS",33,"2017-2018"
"Dejounte Murray","G","6-5",170,"September 19, 1996","us","1","University of Washington","SAS",22,"2017-2018"
"Bryn Forbes","G","6-3",190,"July 23, 1993","us","1","Michigan State University","SAS",25,"2017-2018"
"Davis Bertans","F","6-10",210,"November 12, 1992","lv","1","","SAS",26,"2017-2018"
"Rudy Gay","F","6-8",230,"August 17, 1986","us","11","University of Connecticut","SAS",32,"2017-2018"
"Derrick White","G","6-5",190,"July 2, 1994","us","R","University of Colorado","SAS",24,"2017-2018"
"Brandon Paul","G","6-4",200,"April 30, 1991","us","R","University of Illinois at Urbana-Champaign","SAS",27,"2017-2018"
"Joffrey Lauvergne","C-F","6-11",220,"September 30, 1991","fr","3","","SAS",27,"2017-2018"
"Pau Gasol","F-C","7-0",250,"July 6, 1980","es","16","","SAS",38,"2017-2018"
"Patty Mills","G","6-0",185,"August 11, 1988","au","8","Saint Mary's College of California","SAS",30,"2017-2018"
"London Perrantes","G","6-2",200,"October 3, 1994","us","R","University of Virginia","SAS",24,"2017-2018"
"Manu Ginobili","G","6-6",205,"July 28, 1977","ar","15","","SAS",41,"2017-2018"
"Amida Brimah","C","7-0",230,"February 11, 1994","gh","R","University of Connecticut","SAS",24,"2017-2018"
"Dennis Schroder","G","6-1",172,"September 15, 1993","de","4","","ATL",25,"2017-2018"
"Marco Belinelli","G-F","6-5",210,"March 25, 1986","it","10","","ATL",32,"2017-2018"
"Kent Bazemore","G-F","6-5",201,"July 1, 1989","us","5","Old Dominion University","ATL",29,"2017-2018"
"Malcolm Delaney","G","6-3",190,"March 11, 1989","us","1","Virginia Polytechnic Institute and State University","ATL",29,"2017-2018"
"Taurean Prince","F","6-8",220,"March 22, 1994","us","1","Baylor University","ATL",24,"2017-2018"
"DeAndre' Bembry","F","6-6",210,"July 4, 1994","us","1","Saint Joseph's University","ATL",24,"2017-2018"
"Nicolas Brussino","G-F","6-7",195,"March 2, 1993","ar","1","","ATL",25,"2017-2018"
"Miles Plumlee","C-F","6-11",249,"September 1, 1988","us","5","Duke University","ATL",30,"2017-2018"
"John Collins","F","6-10",235,"September 23, 1997","us","R","Wake Forest University","ATL",21,"2017-2018"
"Tyler Dorsey","G","6-5",183,"February 14, 1996","us","R","University of Oregon","ATL",22,"2017-2018"
"Dewayne Dedmon","C","7-0",245,"August 12, 1989","us","4","University of Southern California","ATL",29,"2017-2018"
"Ersan Ilyasova","F","6-10",235,"May 15, 1987","tr","9","","ATL",31,"2017-2018"
"Mike Muscala","F-C","6-11",240,"July 1, 1991","us","4","Bucknell University","ATL",27,"2017-2018"
"Luke Babbitt","F","6-9",225,"June 20, 1989","us","7","University of Nevada, Reno","ATL",29,"2017-2018"
"Tyler Cavanaugh","F","6-9",239,"February 9, 1994","us","R","George Washington University","ATL",24,"2017-2018"
"Quinn Cook","G","6-2",184,"March 23, 1993","us","1","Duke University","ATL",25,"2017-2018"
"Jeremy Evans","F","6-9",200,"October 24, 1987","us","6","Western Kentucky University","ATL",31,"2017-2018"
"Jordan Mathews","G","6-4",203,"June 22, 1994","us","R","Gonzaga University","ATL",24,"2017-2018"
"John Jenkins","G","6-4",215,"March 6, 1991","us","5","Vanderbilt University","ATL",27,"2017-2018"
"Justise Winslow","F","6-7",225,"March 26, 1996","us","2","Duke University","MIA",22,"2017-2018"
"Goran Dragic","G","6-3",190,"May 6, 1986","si","9","","MIA",32,"2017-2018"
"Josh Richardson","G","6-6",200,"September 15, 1993","us","2","University of Tennessee","MIA",25,"2017-2018"
"Tyler Johnson","G","6-4",186,"May 7, 1992","us","3","California State University, Fresno","MIA",26,"2017-2018"
"A.J. Hammons","C","7-0",260,"August 27, 1992","us","1","Purdue University","MIA",26,"2017-2018"
"Hassan Whiteside","C","7-0",265,"June 13, 1989","us","5","Marshall University","MIA",29,"2017-2018"
"Wayne Ellington","G","6-4",200,"October 29, 1987","us","8","University of North Carolina","MIA",31,"2017-2018"
"Rodney McGruder","G","6-4",205,"July 29, 1991","us","1","Kansas State University","MIA",27,"2017-2018"
"Okaro White","F","6-8",204,"August 13, 1992","us","1","Florida State University","MIA",26,"2017-2018"
"Bam Adebayo","F","6-10",243,"July 18, 1997","us","R","University of Kentucky","MIA",21,"2017-2018"
"Udonis Haslem","F-C","6-8",235,"June 9, 1980","us","14","University of Florida","MIA",38,"2017-2018"
"Matt Williams","G","6-5",210,"October 14, 1993","us","R","University of Central Florida","MIA",25,"2017-2018"
"James Johnson","F","6-9",250,"February 20, 1987","us","8","Wake Forest University","MIA",31,"2017-2018"
"Dion Waiters","G","6-4",225,"December 10, 1991","us","5","Syracuse University","MIA",27,"2017-2018"
"Kelly Olynyk","C-F","7-0",238,"April 19, 1991","ca","4","Gonzaga University","MIA",27,"2017-2018"
"Jordan Mickey","F","6-8",235,"July 9, 1994","us","2","Louisiana State University","MIA",24,"2017-2018"
"Larry Drew II","G","6-2",180,"March 5, 1990","us","1","University of California, Los Angeles","MIA",28,"2017-2018"
"Erik McCree","F","6-8",225,"December 20, 1993","us","R","Louisiana Tech University","MIA",25,"2017-2018"
