"Date","StartTime","teamH","teamA"
2016-10-25,"08:00 pm","CLE","NYK"
2016-10-25,"10:00 pm","POR","UTA"
2016-10-25,"10:30 pm","GSW","SAS"
2016-10-26,"07:00 pm","IND","DAL"
2016-10-26,"07:00 pm","ORL","MIA"
2016-10-26,"07:30 pm","BOS","BRK"
2016-10-26,"07:30 pm","TOR","DET"
2016-10-26,"08:00 pm","MIL","CHO"
2016-10-26,"08:00 pm","NOP","DEN"
2016-10-26,"08:00 pm","MEM","MIN"
2016-10-26,"08:00 pm","PHI","OKC"
2016-10-26,"10:00 pm","PHO","SAC"
2016-10-26,"10:30 pm","LAL","HOU"
2016-10-27,"07:30 pm","ATL","WAS"
2016-10-27,"08:00 pm","CHI","BOS"
2016-10-27,"10:30 pm","POR","LAC"
2016-10-27,"10:30 pm","SAC","SAS"
2016-10-28,"07:00 pm","TOR","CLE"
2016-10-28,"07:30 pm","BRK","IND"
2016-10-28,"07:30 pm","DET","ORL"
2016-10-28,"08:00 pm","MIA","CHO"
2016-10-28,"08:00 pm","OKC","PHO"
2016-10-28,"08:30 pm","DAL","HOU"
2016-10-28,"09:00 pm","UTA","LAL"
2016-10-28,"09:30 pm","NOP","GSW"
2016-10-29,"01:00 pm","PHI","ATL"
2016-10-29,"07:00 pm","CHO","BOS"
2016-10-29,"07:30 pm","NYK","MEM"
2016-10-29,"07:30 pm","CLE","ORL"
2016-10-29,"08:00 pm","MIL","BRK"
2016-10-29,"08:00 pm","CHI","IND"
2016-10-29,"08:00 pm","SAS","NOP"
2016-10-29,"09:00 pm","DEN","POR"
2016-10-29,"10:30 pm","SAC","MIN"
2016-10-30,"04:30 pm","LAC","UTA"
2016-10-30,"06:00 pm","PHO","GSW"
2016-10-30,"06:00 pm","DET","MIL"
2016-10-30,"06:00 pm","MIA","SAS"
2016-10-30,"07:00 pm","OKC","LAL"
2016-10-30,"07:00 pm","MEM","WAS"
2016-10-30,"08:00 pm","HOU","DAL"
2016-10-31,"07:30 pm","BRK","CHI"
2016-10-31,"07:30 pm","TOR","DEN"
2016-10-31,"07:30 pm","ATL","SAC"
2016-10-31,"10:30 pm","LAC","PHO"
2016-11-01,"07:00 pm","CLE","HOU"
2016-11-01,"07:00 pm","IND","LAL"
2016-11-01,"07:00 pm","PHI","ORL"
2016-11-01,"07:30 pm","DET","NYK"
2016-11-01,"07:30 pm","MIA","SAC"
2016-11-01,"08:00 pm","MIN","MEM"
2016-11-01,"08:00 pm","NOP","MIL"
2016-11-01,"08:30 pm","SAS","UTA"
2016-11-01,"10:00 pm","POR","GSW"
2016-11-02,"07:00 pm","CHO","PHI"
2016-11-02,"07:00 pm","WAS","TOR"
2016-11-02,"07:30 pm","BRK","DET"
2016-11-02,"07:30 pm","NYK","HOU"
2016-11-02,"07:30 pm","ATL","LAL"
2016-11-02,"08:00 pm","BOS","CHI"
2016-11-02,"08:00 pm","MEM","NOP"
2016-11-02,"09:00 pm","UTA","DAL"
2016-11-02,"10:00 pm","PHO","POR"
2016-11-02,"10:30 pm","LAC","OKC"
2016-11-03,"07:00 pm","ORL","SAC"
2016-11-03,"08:00 pm","CLE","BOS"
2016-11-03,"08:00 pm","MIN","DEN"
2016-11-03,"08:00 pm","MIL","IND"
2016-11-03,"10:30 pm","GSW","OKC"
2016-11-04,"07:00 pm","WAS","ATL"
2016-11-04,"07:30 pm","BRK","CHO"
2016-11-04,"07:30 pm","TOR","MIA"
2016-11-04,"08:00 pm","MEM","LAC"
2016-11-04,"08:00 pm","CHI","NYK"
2016-11-04,"08:00 pm","NOP","PHO"
2016-11-04,"08:30 pm","DAL","POR"
2016-11-04,"09:00 pm","UTA","SAS"
2016-11-04,"10:30 pm","LAL","GSW"
2016-11-05,"06:00 pm","OKC","MIN"
2016-11-05,"07:00 pm","IND","CHI"
2016-11-05,"07:00 pm","PHI","CLE"
2016-11-05,"07:00 pm","DET","DEN"
2016-11-05,"07:00 pm","ORL","WAS"
2016-11-05,"07:30 pm","ATL","HOU"
2016-11-05,"08:00 pm","MIL","SAC"
2016-11-05,"08:30 pm","SAS","LAC"
2016-11-06,"03:30 pm","MEM","POR"
2016-11-06,"06:00 pm","TOR","SAC"
2016-11-06,"07:00 pm","DAL","MIL"
2016-11-06,"07:30 pm","BOS","DEN"
2016-11-06,"09:30 pm","LAL","PHO"
2016-11-06,"12:00 pm","NYK","UTA"
2016-11-07,"07:00 pm","WAS","HOU"
2016-11-07,"07:00 pm","CHO","IND"
2016-11-07,"07:00 pm","PHI","UTA"
2016-11-07,"08:00 pm","OKC","MIA"
2016-11-07,"08:00 pm","CHI","ORL"
2016-11-07,"10:30 pm","LAC","DET"
2016-11-07,"10:30 pm","GSW","NOP"
2016-11-08,"07:00 pm","CLE","ATL"
2016-11-08,"07:30 pm","BRK","MIN"
2016-11-08,"08:00 pm","MEM","DEN"
2016-11-08,"10:00 pm","POR","PHO"
2016-11-08,"10:30 pm","LAL","DAL"
2016-11-08,"10:30 pm","SAC","NOP"
2016-11-09,"07:00 pm","WAS","BOS"
2016-11-09,"07:00 pm","NYK","BRK"
2016-11-09,"07:00 pm","ORL","MIN"
2016-11-09,"07:00 pm","IND","PHI"
2016-11-09,"07:00 pm","CHO","UTA"
2016-11-09,"07:30 pm","ATL","CHI"
2016-11-09,"08:00 pm","OKC","TOR"
2016-11-09,"09:00 pm","PHO","DET"
2016-11-09,"09:30 pm","SAS","HOU"
2016-11-09,"10:30 pm","GSW","DAL"
2016-11-09,"10:30 pm","LAC","POR"
2016-11-10,"08:00 pm","MIA","CHI"
2016-11-10,"08:00 pm","MIL","NOP"
2016-11-10,"09:00 pm","DEN","GSW"
2016-11-10,"10:30 pm","SAC","LAL"
2016-11-11,"07:00 pm","WAS","CLE"
2016-11-11,"07:00 pm","PHI","IND"
2016-11-11,"07:00 pm","CHO","TOR"
2016-11-11,"07:00 pm","ORL","UTA"
2016-11-11,"07:30 pm","BOS","NYK"
2016-11-11,"08:00 pm","OKC","LAC"
2016-11-11,"08:30 pm","SAS","DET"
2016-11-11,"10:00 pm","POR","SAC"
2016-11-12,"07:00 pm","IND","BOS"
2016-11-12,"07:00 pm","NOP","LAL"
2016-11-12,"07:30 pm","TOR","NYK"
2016-11-12,"07:30 pm","ATL","PHI"
2016-11-12,"08:00 pm","MIN","LAC"
2016-11-12,"08:00 pm","HOU","SAS"
2016-11-12,"08:00 pm","MIA","UTA"
2016-11-12,"08:00 pm","CHI","WAS"
2016-11-12,"08:30 pm","MIL","MEM"
2016-11-12,"09:00 pm","PHO","BRK"
2016-11-12,"09:00 pm","DEN","DET"
2016-11-13,"03:30 pm","CLE","CHO"
2016-11-13,"07:00 pm","MIN","LAL"
2016-11-13,"07:00 pm","OKC","ORL"
2016-11-13,"08:00 pm","GSW","PHO"
2016-11-13,"09:00 pm","POR","DEN"
2016-11-14,"07:00 pm","IND","ORL"
2016-11-14,"07:30 pm","NYK","DAL"
2016-11-14,"07:30 pm","DET","OKC"
2016-11-14,"08:00 pm","NOP","BOS"
2016-11-14,"08:00 pm","HOU","PHI"
2016-11-14,"08:30 pm","SAS","MIA"
2016-11-14,"09:00 pm","UTA","MEM"
2016-11-14,"10:30 pm","LAC","BRK"
2016-11-15,"07:00 pm","CLE","TOR"
2016-11-15,"07:30 pm","MIA","ATL"
2016-11-15,"08:00 pm","MIN","CHO"
2016-11-15,"10:00 pm","POR","CHI"
2016-11-15,"10:30 pm","LAL","BRK"
2016-11-16,"07:00 pm","IND","CLE"
2016-11-16,"07:00 pm","ORL","NOP"
2016-11-16,"07:00 pm","PHI","WAS"
2016-11-16,"07:30 pm","BOS","DAL"
2016-11-16,"07:30 pm","NYK","DET"
2016-11-16,"07:30 pm","ATL","MIL"
2016-11-16,"08:00 pm","TOR","GSW"
2016-11-16,"08:00 pm","OKC","HOU"
2016-11-16,"09:00 pm","DEN","PHO"
2016-11-16,"10:30 pm","LAC","MEM"
2016-11-16,"10:30 pm","SAC","SAS"
2016-11-17,"07:00 pm","WAS","NYK"
2016-11-17,"07:30 pm","MIA","MIL"
2016-11-17,"08:00 pm","MIN","PHI"
2016-11-17,"08:00 pm","HOU","POR"
2016-11-17,"10:30 pm","UTA","CHI"
2016-11-18,"07:00 pm","CHO","ATL"
2016-11-18,"07:00 pm","IND","PHO"
2016-11-18,"07:30 pm","CLE","DET"
2016-11-18,"08:00 pm","OKC","BRK"
2016-11-18,"08:00 pm","BOS","GSW"
2016-11-18,"08:00 pm","NOP","POR"
2016-11-18,"08:30 pm","DAL","MEM"
2016-11-18,"09:00 pm","DEN","TOR"
2016-11-18,"10:30 pm","SAC","LAC"
2016-11-18,"10:30 pm","LAL","SAS"
2016-11-19,"05:00 pm","HOU","UTA"
2016-11-19,"07:00 pm","DET","BOS"
2016-11-19,"07:00 pm","NOP","CHO"
2016-11-19,"07:00 pm","ORL","DAL"
2016-11-19,"07:00 pm","WAS","MIA"
2016-11-19,"07:30 pm","PHI","PHO"
2016-11-19,"08:00 pm","MEM","MIN"
2016-11-19,"08:30 pm","MIL","GSW"
2016-11-19,"10:30 pm","LAC","CHI"
2016-11-20,"01:00 pm","NYK","ATL"
2016-11-20,"03:30 pm","BRK","POR"
2016-11-20,"07:00 pm","OKC","IND"
2016-11-20,"09:00 pm","SAC","TOR"
2016-11-20,"09:00 pm","DEN","UTA"
2016-11-20,"09:30 pm","LAL","CHI"
2016-11-21,"07:00 pm","IND","GSW"
2016-11-21,"07:00 pm","CHO","MEM"
2016-11-21,"07:00 pm","PHI","MIA"
2016-11-21,"07:00 pm","WAS","PHO"
2016-11-21,"07:30 pm","DET","HOU"
2016-11-21,"08:00 pm","MIN","BOS"
2016-11-21,"08:00 pm","MIL","ORL"
2016-11-21,"08:30 pm","SAS","DAL"
2016-11-21,"10:30 pm","LAC","TOR"
2016-11-22,"07:30 pm","ATL","NOP"
2016-11-22,"07:30 pm","NYK","POR"
2016-11-22,"09:00 pm","DEN","CHI"
2016-11-22,"10:30 pm","LAL","OKC"
2016-11-23,"07:00 pm","IND","ATL"
2016-11-23,"07:00 pm","PHI","MEM"
2016-11-23,"07:00 pm","ORL","PHO"
2016-11-23,"07:00 pm","CLE","POR"
2016-11-23,"07:00 pm","CHO","SAS"
2016-11-23,"07:30 pm","BRK","BOS"
2016-11-23,"07:30 pm","DET","MIA"
2016-11-23,"08:00 pm","HOU","TOR"
2016-11-23,"08:30 pm","DAL","LAC"
2016-11-23,"09:00 pm","UTA","DEN"
2016-11-23,"09:30 pm","NOP","MIN"
2016-11-23,"10:30 pm","GSW","LAL"
2016-11-23,"10:30 pm","SAC","OKC"
2016-11-25,"01:00 pm","BOS","SAS"
2016-11-25,"07:00 pm","ORL","WAS"
2016-11-25,"07:30 pm","NYK","CHO"
2016-11-25,"07:30 pm","PHI","CHI"
2016-11-25,"07:30 pm","CLE","DAL"
2016-11-25,"07:30 pm","DET","LAC"
2016-11-25,"08:00 pm","UTA","ATL"
2016-11-25,"08:00 pm","IND","BRK"
2016-11-25,"08:00 pm","MEM","MIA"
2016-11-25,"08:00 pm","MIL","TOR"
2016-11-25,"09:00 pm","PHO","MIN"
2016-11-25,"09:00 pm","DEN","OKC"
2016-11-25,"10:00 pm","POR","NOP"
2016-11-25,"10:30 pm","LAL","GSW"
2016-11-25,"10:30 pm","SAC","HOU"
2016-11-26,"07:00 pm","CHO","NYK"
2016-11-26,"07:00 pm","WAS","SAS"
2016-11-26,"08:00 pm","OKC","DET"
2016-11-26,"08:00 pm","MIA","MEM"
2016-11-26,"10:30 pm","GSW","MIN"
2016-11-27,"01:00 pm","PHI","CLE"
2016-11-27,"03:30 pm","PHO","DEN"
2016-11-27,"06:00 pm","IND","LAC"
2016-11-27,"06:00 pm","ORL","MIL"
2016-11-27,"06:00 pm","BRK","SAC"
2016-11-27,"07:00 pm","DAL","NOP"
2016-11-27,"09:00 pm","POR","HOU"
2016-11-27,"09:30 pm","LAL","ATL"
2016-11-28,"07:00 pm","WAS","SAC"
2016-11-28,"07:30 pm","MIA","BOS"
2016-11-28,"07:30 pm","NYK","OKC"
2016-11-28,"07:30 pm","TOR","PHI"
2016-11-28,"08:00 pm","MEM","CHO"
2016-11-28,"08:00 pm","MIN","UTA"
2016-11-28,"10:30 pm","GSW","ATL"
2016-11-29,"07:00 pm","CHO","DET"
2016-11-29,"07:30 pm","BRK","LAC"
2016-11-29,"08:00 pm","MIL","CLE"
2016-11-29,"08:00 pm","NOP","LAL"
2016-11-29,"08:30 pm","SAS","ORL"
2016-11-29,"09:00 pm","UTA","HOU"
2016-11-30,"07:00 pm","PHI","SAC"
2016-11-30,"07:30 pm","BOS","DET"
2016-11-30,"07:30 pm","TOR","MEM"
2016-11-30,"08:00 pm","CHI","LAL"
2016-11-30,"08:00 pm","MIN","NYK"
2016-11-30,"08:00 pm","OKC","WAS"
2016-11-30,"08:30 pm","DAL","SAS"
2016-11-30,"09:00 pm","PHO","ATL"
2016-11-30,"09:00 pm","DEN","MIA"
2016-11-30,"10:00 pm","POR","IND"
2016-12-01,"07:00 pm","CHO","DAL"
2016-12-01,"07:30 pm","BRK","MIL"
2016-12-01,"08:00 pm","CLE","LAC"
2016-12-01,"08:00 pm","MEM","ORL"
2016-12-01,"09:00 pm","UTA","MIA"
2016-12-01,"10:30 pm","GSW","HOU"
2016-12-02,"07:00 pm","PHI","ORL"
2016-12-02,"07:30 pm","TOR","LAL"
2016-12-02,"07:30 pm","NYK","MIN"
2016-12-02,"07:30 pm","BOS","SAC"
2016-12-02,"08:00 pm","CHI","CLE"
2016-12-02,"08:00 pm","ATL","DET"
2016-12-02,"08:00 pm","NOP","LAC"
2016-12-02,"08:30 pm","SAS","WAS"
2016-12-02,"10:30 pm","DEN","HOU"
2016-12-03,"05:00 pm","MIL","BRK"
2016-12-03,"07:00 pm","CHO","MIN"
2016-12-03,"07:30 pm","TOR","ATL"
2016-12-03,"07:30 pm","PHI","BOS"
2016-12-03,"08:00 pm","MEM","LAL"
2016-12-03,"08:30 pm","DAL","CHI"
2016-12-03,"09:00 pm","UTA","DEN"
2016-12-03,"10:00 pm","POR","MIA"
2016-12-03,"10:30 pm","GSW","PHO"
2016-12-04,"06:00 pm","DET","ORL"
2016-12-04,"07:00 pm","OKC","NOP"
2016-12-04,"07:30 pm","NYK","SAC"
2016-12-04,"09:30 pm","LAC","IND"
2016-12-05,"07:00 pm","PHI","DEN"
2016-12-05,"07:30 pm","TOR","CLE"
2016-12-05,"07:30 pm","ATL","OKC"
2016-12-05,"07:30 pm","BRK","WAS"
2016-12-05,"08:00 pm","HOU","BOS"
2016-12-05,"08:00 pm","NOP","MEM"
2016-12-05,"08:00 pm","CHI","POR"
2016-12-05,"08:00 pm","MIL","SAS"
2016-12-05,"08:30 pm","DAL","CHO"
2016-12-05,"10:30 pm","GSW","IND"
2016-12-05,"10:30 pm","LAL","UTA"
2016-12-06,"07:00 pm","WAS","ORL"
2016-12-06,"07:30 pm","DET","CHI"
2016-12-06,"07:30 pm","MIA","NYK"
2016-12-06,"08:00 pm","MEM","PHI"
2016-12-06,"08:00 pm","MIN","SAS"
2016-12-06,"09:00 pm","UTA","PHO"
2016-12-07,"07:00 pm","ORL","BOS"
2016-12-07,"07:00 pm","CHO","DET"
2016-12-07,"07:30 pm","BRK","DEN"
2016-12-07,"07:30 pm","ATL","MIA"
2016-12-07,"08:00 pm","NYK","CLE"
2016-12-07,"08:00 pm","HOU","LAL"
2016-12-07,"08:00 pm","MIL","POR"
2016-12-07,"08:30 pm","DAL","SAC"
2016-12-07,"09:00 pm","PHO","IND"
2016-12-07,"10:30 pm","LAC","GSW"
2016-12-08,"07:00 pm","WAS","DEN"
2016-12-08,"07:00 pm","TOR","MIN"
2016-12-08,"08:00 pm","NOP","PHI"
2016-12-08,"08:00 pm","MEM","POR"
2016-12-08,"09:00 pm","UTA","GSW"
2016-12-08,"09:30 pm","CHI","SAS"
2016-12-09,"07:00 pm","CHO","ORL"
2016-12-09,"07:30 pm","CLE","MIA"
2016-12-09,"07:30 pm","BOS","TOR"
2016-12-09,"08:00 pm","MIL","ATL"
2016-12-09,"08:00 pm","MIN","DET"
2016-12-09,"08:00 pm","OKC","HOU"
2016-12-09,"08:30 pm","DAL","IND"
2016-12-09,"10:30 pm","SAC","NYK"
2016-12-09,"10:30 pm","LAL","PHO"
2016-12-10,"07:00 pm","ORL","DEN"
2016-12-10,"07:00 pm","WAS","MIL"
2016-12-10,"07:00 pm","IND","POR"
2016-12-10,"07:30 pm","CLE","CHO"
2016-12-10,"08:00 pm","HOU","DAL"
2016-12-10,"08:00 pm","MEM","GSW"
2016-12-10,"08:00 pm","CHI","MIA"
2016-12-10,"08:30 pm","SAS","BRK"
2016-12-10,"09:00 pm","UTA","SAC"
2016-12-10,"10:30 pm","LAC","NOP"
2016-12-11,"06:00 pm","DET","PHI"
2016-12-11,"07:00 pm","OKC","BOS"
2016-12-11,"07:00 pm","MIN","GSW"
2016-12-11,"08:30 pm","PHO","NOP"
2016-12-11,"09:30 pm","LAL","NYK"
2016-12-12,"07:00 pm","IND","CHO"
2016-12-12,"07:30 pm","TOR","MIL"
2016-12-12,"07:30 pm","MIA","WAS"
2016-12-12,"08:00 pm","HOU","BRK"
2016-12-12,"08:30 pm","DAL","DEN"
2016-12-12,"10:30 pm","SAC","LAL"
2016-12-12,"10:30 pm","LAC","POR"
2016-12-13,"07:00 pm","CLE","MEM"
2016-12-13,"07:30 pm","ATL","ORL"
2016-12-13,"08:00 pm","NOP","GSW"
2016-12-13,"08:00 pm","CHI","MIN"
2016-12-13,"09:00 pm","PHO","NYK"
2016-12-13,"10:30 pm","POR","OKC"
2016-12-14,"07:00 pm","WAS","CHO"
2016-12-14,"07:00 pm","MIA","IND"
2016-12-14,"07:00 pm","ORL","LAC"
2016-12-14,"07:00 pm","PHI","TOR"
2016-12-14,"07:30 pm","BRK","LAL"
2016-12-14,"08:00 pm","MEM","CLE"
2016-12-14,"08:00 pm","HOU","SAC"
2016-12-14,"08:30 pm","DAL","DET"
2016-12-14,"09:00 pm","UTA","OKC"
2016-12-14,"09:30 pm","SAS","BOS"
2016-12-15,"08:00 pm","MIL","CHI"
2016-12-15,"08:00 pm","NOP","IND"
2016-12-15,"09:00 pm","DEN","POR"
2016-12-15,"09:00 pm","PHO","SAS"
2016-12-15,"10:30 pm","GSW","NYK"
2016-12-16,"07:00 pm","ORL","BRK"
2016-12-16,"07:00 pm","WAS","DET"
2016-12-16,"07:30 pm","TOR","ATL"
2016-12-16,"07:30 pm","BOS","CHO"
2016-12-16,"08:00 pm","MIA","LAC"
2016-12-16,"08:00 pm","PHI","LAL"
2016-12-16,"08:00 pm","CHI","MIL"
2016-12-16,"08:00 pm","HOU","NOP"
2016-12-16,"08:00 pm","MEM","SAC"
2016-12-16,"10:30 pm","UTA","DAL"
2016-12-17,"05:00 pm","OKC","PHO"
2016-12-17,"07:00 pm","DET","IND"
2016-12-17,"07:30 pm","ATL","CHO"
2016-12-17,"07:30 pm","CLE","LAL"
2016-12-17,"08:00 pm","MIN","HOU"
2016-12-17,"09:00 pm","DEN","NYK"
2016-12-17,"10:30 pm","GSW","POR"
2016-12-18,"03:30 pm","WAS","LAC"
2016-12-18,"06:00 pm","MIA","BOS"
2016-12-18,"06:00 pm","PHI","BRK"
2016-12-18,"06:00 pm","ORL","TOR"
2016-12-18,"06:00 pm","MEM","UTA"
2016-12-18,"07:00 pm","SAS","NOP"
2016-12-18,"07:00 pm","DAL","SAC"
2016-12-19,"07:00 pm","IND","WAS"
2016-12-19,"08:00 pm","OKC","ATL"
2016-12-19,"08:00 pm","CHI","DET"
2016-12-19,"08:00 pm","MIN","PHO"
2016-12-19,"09:00 pm","DEN","DAL"
2016-12-20,"07:00 pm","CHO","LAL"
2016-12-20,"07:00 pm","PHI","NOP"
2016-12-20,"07:30 pm","TOR","BRK"
2016-12-20,"07:30 pm","NYK","IND"
2016-12-20,"07:30 pm","MIA","ORL"
2016-12-20,"08:00 pm","MEM","BOS"
2016-12-20,"08:00 pm","MIL","CLE"
2016-12-20,"08:00 pm","HOU","SAS"
2016-12-20,"10:30 pm","LAC","DEN"
2016-12-20,"10:30 pm","SAC","POR"
2016-12-20,"10:30 pm","GSW","UTA"
2016-12-21,"07:00 pm","CLE","MIL"
2016-12-21,"07:30 pm","DET","MEM"
2016-12-21,"07:30 pm","ATL","MIN"
2016-12-21,"08:00 pm","NOP","OKC"
2016-12-21,"08:00 pm","CHI","WAS"
2016-12-21,"09:00 pm","PHO","HOU"
2016-12-21,"09:00 pm","UTA","SAC"
2016-12-21,"10:00 pm","POR","DAL"
2016-12-22,"07:30 pm","BRK","GSW"
2016-12-22,"07:30 pm","MIA","LAL"
2016-12-22,"07:30 pm","NYK","ORL"
2016-12-22,"08:00 pm","IND","BOS"
2016-12-22,"10:30 pm","LAC","SAS"
2016-12-23,"07:00 pm","CHO","CHI"
2016-12-23,"07:00 pm","ORL","LAL"
2016-12-23,"07:30 pm","CLE","BRK"
2016-12-23,"07:30 pm","DET","GSW"
2016-12-23,"07:30 pm","BOS","OKC"
2016-12-23,"08:00 pm","MEM","HOU"
2016-12-23,"08:00 pm","NOP","MIA"
2016-12-23,"08:00 pm","MIN","SAC"
2016-12-23,"08:00 pm","MIL","WAS"
2016-12-23,"09:00 pm","DEN","ATL"
2016-12-23,"09:00 pm","PHO","PHI"
2016-12-23,"09:00 pm","UTA","TOR"
2016-12-23,"10:00 pm","POR","SAS"
2016-12-23,"10:30 pm","LAC","DAL"
2016-12-25,"02:30 pm","CLE","GSW"
2016-12-25,"05:00 pm","SAS","CHI"
2016-12-25,"08:00 pm","OKC","MIN"
2016-12-25,"10:30 pm","LAL","LAC"
2016-12-25,"12:00 pm","NYK","BOS"
2016-12-26,"07:00 pm","ORL","MEM"
2016-12-26,"07:00 pm","WAS","MIL"
2016-12-26,"07:30 pm","BRK","CHO"
2016-12-26,"07:30 pm","DET","CLE"
2016-12-26,"08:00 pm","MIN","ATL"
2016-12-26,"08:00 pm","NOP","DAL"
2016-12-26,"08:00 pm","CHI","IND"
2016-12-26,"08:00 pm","HOU","PHO"
2016-12-26,"10:00 pm","POR","TOR"
2016-12-26,"10:30 pm","LAC","DEN"
2016-12-26,"10:30 pm","SAC","PHI"
2016-12-27,"07:30 pm","BOS","MEM"
2016-12-27,"07:30 pm","MIA","OKC"
2016-12-27,"08:30 pm","DAL","HOU"
2016-12-27,"10:30 pm","LAL","UTA"
2016-12-28,"07:00 pm","ORL","CHO"
2016-12-28,"07:00 pm","WAS","IND"
2016-12-28,"07:30 pm","DET","MIL"
2016-12-28,"07:30 pm","ATL","NYK"
2016-12-28,"08:00 pm","CHI","BRK"
2016-12-28,"08:00 pm","NOP","LAC"
2016-12-28,"08:30 pm","SAS","PHO"
2016-12-28,"09:00 pm","DEN","MIN"
2016-12-28,"10:00 pm","POR","SAC"
2016-12-28,"10:30 pm","GSW","TOR"
2016-12-29,"07:00 pm","CHO","MIA"
2016-12-29,"08:00 pm","CLE","BOS"
2016-12-29,"08:00 pm","MEM","OKC"
2016-12-29,"09:00 pm","UTA","PHI"
2016-12-29,"09:00 pm","PHO","TOR"
2016-12-29,"10:30 pm","LAL","DAL"
2016-12-30,"04:00 pm","IND","CHI"
2016-12-30,"07:00 pm","WAS","BRK"
2016-12-30,"07:30 pm","BOS","MIA"
2016-12-30,"08:00 pm","ATL","DET"
2016-12-30,"08:00 pm","HOU","LAC"
2016-12-30,"08:00 pm","MIN","MIL"
2016-12-30,"08:00 pm","NOP","NYK"
2016-12-30,"08:30 pm","SAS","POR"
2016-12-30,"09:00 pm","DEN","PHI"
2016-12-30,"10:30 pm","GSW","DAL"
2016-12-31,"05:00 pm","SAC","MEM"
2016-12-31,"07:00 pm","CHO","CLE"
2016-12-31,"07:00 pm","CHI","MIL"
2016-12-31,"08:00 pm","OKC","LAC"
2016-12-31,"08:00 pm","HOU","NYK"
2016-12-31,"08:00 pm","UTA","PHO"
2017-01-01,"06:00 pm","MIA","DET"
2017-01-01,"06:00 pm","IND","ORL"
2017-01-01,"06:00 pm","ATL","SAS"
2017-01-01,"07:00 pm","MIN","POR"
2017-01-01,"09:30 pm","LAL","TOR"
2017-01-02,"07:00 pm","CLE","NOP"
2017-01-02,"07:00 pm","MIL","OKC"
2017-01-02,"07:30 pm","NYK","ORL"
2017-01-02,"07:30 pm","BRK","UTA"
2017-01-02,"08:00 pm","CHI","CHO"
2017-01-02,"08:00 pm","HOU","WAS"
2017-01-02,"10:30 pm","GSW","DEN"
2017-01-02,"10:30 pm","LAC","PHO"
2017-01-03,"07:00 pm","PHI","MIN"
2017-01-03,"07:30 pm","DET","IND"
2017-01-03,"07:30 pm","BOS","UTA"
2017-01-03,"08:30 pm","SAS","TOR"
2017-01-03,"08:30 pm","DAL","WAS"
2017-01-03,"09:00 pm","PHO","MIA"
2017-01-03,"09:00 pm","DEN","SAC"
2017-01-03,"10:30 pm","LAL","MEM"
2017-01-04,"07:00 pm","ORL","ATL"
2017-01-04,"07:00 pm","CHO","OKC"
2017-01-04,"07:30 pm","NYK","MIL"
2017-01-04,"08:00 pm","CLE","CHI"
2017-01-04,"10:30 pm","LAC","MEM"
2017-01-04,"10:30 pm","SAC","MIA"
2017-01-04,"10:30 pm","GSW","POR"
2017-01-05,"07:00 pm","IND","BRK"
2017-01-05,"07:30 pm","DET","CHO"
2017-01-05,"07:30 pm","TOR","UTA"
2017-01-05,"08:00 pm","NOP","ATL"
2017-01-05,"08:00 pm","HOU","OKC"
2017-01-05,"08:30 pm","DAL","PHO"
2017-01-05,"10:00 pm","POR","LAL"
2017-01-05,"10:30 pm","DEN","SAS"
2017-01-06,"07:00 pm","ORL","HOU"
2017-01-06,"07:00 pm","WAS","MIN"
2017-01-06,"07:30 pm","BRK","CLE"
2017-01-06,"07:30 pm","BOS","PHI"
2017-01-06,"08:00 pm","MIL","NYK"
2017-01-06,"10:30 pm","SAC","LAC"
2017-01-06,"10:30 pm","GSW","MEM"
2017-01-06,"10:30 pm","LAL","MIA"
2017-01-07,"07:00 pm","IND","NYK"
2017-01-07,"07:30 pm","BOS","NOP"
2017-01-07,"08:00 pm","OKC","DEN"
2017-01-07,"08:00 pm","CHI","TOR"
2017-01-07,"08:00 pm","MIN","UTA"
2017-01-07,"08:30 pm","DAL","ATL"
2017-01-07,"08:30 pm","SAS","CHO"
2017-01-07,"10:00 pm","POR","DET"
2017-01-08,"03:30 pm","LAC","MIA"
2017-01-08,"03:30 pm","MIL","WAS"
2017-01-08,"06:00 pm","TOR","HOU"
2017-01-08,"08:00 pm","MEM","UTA"
2017-01-08,"08:30 pm","PHO","CLE"
2017-01-08,"09:00 pm","SAC","GSW"
2017-01-08,"09:30 pm","LAL","ORL"
2017-01-08,"12:00 pm","BRK","PHI"
2017-01-09,"07:30 pm","NYK","NOP"
2017-01-09,"08:00 pm","MIN","DAL"
2017-01-09,"08:00 pm","CHI","OKC"
2017-01-10,"07:00 pm","WAS","CHI"
2017-01-10,"07:30 pm","BRK","ATL"
2017-01-10,"07:30 pm","TOR","BOS"
2017-01-10,"08:00 pm","HOU","CHO"
2017-01-10,"08:30 pm","SAS","MIL"
2017-01-10,"09:00 pm","UTA","CLE"
2017-01-10,"10:30 pm","SAC","DET"
2017-01-10,"10:30 pm","GSW","MIA"
2017-01-10,"10:30 pm","LAL","POR"
2017-01-11,"07:00 pm","PHI","NYK"
2017-01-11,"08:00 pm","MIN","HOU"
2017-01-11,"08:00 pm","OKC","MEM"
2017-01-11,"08:00 pm","BOS","WAS"
2017-01-11,"10:30 pm","POR","CLE"
2017-01-11,"10:30 pm","LAC","ORL"
2017-01-12,"03:00 pm","DEN","IND"
2017-01-12,"07:30 pm","BRK","NOP"
2017-01-12,"08:00 pm","NYK","CHI"
2017-01-12,"08:30 pm","SAS","LAL"
2017-01-12,"10:00 pm","PHO","DAL"
2017-01-12,"10:30 pm","GSW","DET"
2017-01-13,"07:00 pm","PHI","CHO"
2017-01-13,"07:30 pm","TOR","BRK"
2017-01-13,"08:00 pm","ATL","BOS"
2017-01-13,"08:00 pm","HOU","MEM"
2017-01-13,"08:00 pm","MIL","MIA"
2017-01-13,"08:00 pm","MIN","OKC"
2017-01-13,"10:00 pm","POR","ORL"
2017-01-13,"10:30 pm","SAC","CLE"
2017-01-13,"10:30 pm","UTA","DET"
2017-01-14,"03:30 pm","LAC","LAL"
2017-01-14,"05:00 pm","CHI","NOP"
2017-01-14,"06:00 pm","PHO","SAS"
2017-01-14,"08:00 pm","WAS","PHI"
2017-01-14,"09:00 pm","UTA","ORL"
2017-01-15,"03:00 pm","ATL","MIL"
2017-01-15,"03:00 pm","TOR","NYK"
2017-01-15,"04:00 pm","DAL","MIN"
2017-01-15,"06:00 pm","BRK","HOU"
2017-01-15,"09:00 pm","MEM","CHI"
2017-01-15,"09:00 pm","SAC","OKC"
2017-01-15,"09:30 pm","LAL","DET"
2017-01-16,"01:00 pm","NYK","ATL"
2017-01-16,"02:00 pm","WAS","POR"
2017-01-16,"03:30 pm","MIL","PHI"
2017-01-16,"04:00 pm","IND","NOP"
2017-01-16,"05:00 pm","DEN","ORL"
2017-01-16,"07:30 pm","BOS","CHO"
2017-01-16,"08:00 pm","GSW","CLE"
2017-01-16,"09:00 pm","PHO","UTA"
2017-01-16,"10:30 pm","LAC","OKC"
2017-01-17,"07:30 pm","MIA","HOU"
2017-01-17,"07:30 pm","BRK","TOR"
2017-01-17,"08:00 pm","CHI","DAL"
2017-01-17,"08:30 pm","SAS","MIN"
2017-01-17,"10:30 pm","LAL","DEN"
2017-01-18,"07:00 pm","WAS","MEM"
2017-01-18,"07:00 pm","CHO","POR"
2017-01-18,"07:00 pm","PHI","TOR"
2017-01-18,"07:30 pm","BOS","NYK"
2017-01-18,"08:00 pm","DET","ATL"
2017-01-18,"08:00 pm","HOU","MIL"
2017-01-18,"08:00 pm","NOP","ORL"
2017-01-18,"10:30 pm","SAC","IND"
2017-01-18,"10:30 pm","GSW","OKC"
2017-01-19,"07:00 pm","CLE","PHO"
2017-01-19,"07:30 pm","MIA","DAL"
2017-01-19,"08:00 pm","NYK","WAS"
2017-01-19,"08:30 pm","SAS","DEN"
2017-01-19,"10:30 pm","LAC","MIN"
2017-01-20,"07:00 pm","ORL","MIL"
2017-01-20,"07:00 pm","PHI","POR"
2017-01-20,"07:00 pm","CHO","TOR"
2017-01-20,"08:00 pm","NOP","BRK"
2017-01-20,"08:00 pm","ATL","CHI"
2017-01-20,"08:00 pm","HOU","GSW"
2017-01-20,"08:00 pm","MEM","SAC"
2017-01-20,"08:30 pm","DAL","UTA"
2017-01-20,"10:30 pm","LAL","IND"
2017-01-21,"05:00 pm","BOS","POR"
2017-01-21,"06:00 pm","DET","WAS"
2017-01-21,"07:00 pm","CHO","BRK"
2017-01-21,"07:00 pm","ATL","PHI"
2017-01-21,"07:30 pm","MIA","MIL"
2017-01-21,"07:30 pm","NYK","PHO"
2017-01-21,"08:00 pm","MEM","HOU"
2017-01-21,"08:30 pm","CLE","SAS"
2017-01-21,"09:00 pm","UTA","IND"
2017-01-21,"09:00 pm","DEN","LAC"
2017-01-21,"09:00 pm","CHI","SAC"
2017-01-22,"03:30 pm","DAL","LAL"
2017-01-22,"06:00 pm","TOR","PHO"
2017-01-22,"07:00 pm","MIN","DEN"
2017-01-22,"12:00 pm","ORL","GSW"
2017-01-23,"07:00 pm","CHO","WAS"
2017-01-23,"07:30 pm","MIA","GSW"
2017-01-23,"07:30 pm","ATL","LAC"
2017-01-23,"07:30 pm","DET","SAC"
2017-01-23,"07:30 pm","BRK","SAS"
2017-01-23,"08:00 pm","NOP","CLE"
2017-01-23,"08:00 pm","MIL","HOU"
2017-01-23,"08:00 pm","IND","NYK"
2017-01-23,"09:00 pm","UTA","OKC"
2017-01-24,"07:00 pm","WAS","BOS"
2017-01-24,"07:00 pm","ORL","CHI"
2017-01-24,"07:00 pm","PHI","LAC"
2017-01-24,"07:00 pm","TOR","SAS"
2017-01-24,"09:00 pm","PHO","MIN"
2017-01-24,"09:00 pm","DEN","UTA"
2017-01-25,"07:00 pm","CLE","SAC"
2017-01-25,"07:30 pm","BOS","HOU"
2017-01-25,"07:30 pm","BRK","MIA"
2017-01-25,"08:00 pm","CHI","ATL"
2017-01-25,"08:00 pm","CHO","GSW"
2017-01-25,"08:00 pm","NOP","OKC"
2017-01-25,"08:00 pm","MIL","PHI"
2017-01-25,"08:00 pm","MEM","TOR"
2017-01-25,"08:30 pm","DAL","NYK"
2017-01-25,"10:30 pm","POR","LAL"
2017-01-26,"08:00 pm","OKC","DAL"
2017-01-26,"08:00 pm","MIN","IND"
2017-01-26,"09:00 pm","DEN","PHO"
2017-01-26,"10:30 pm","UTA","LAL"
2017-01-27,"07:00 pm","PHI","HOU"
2017-01-27,"07:00 pm","IND","SAC"
2017-01-27,"07:30 pm","CLE","BRK"
2017-01-27,"07:30 pm","NYK","CHO"
2017-01-27,"07:30 pm","TOR","MIL"
2017-01-27,"07:30 pm","BOS","ORL"
2017-01-27,"08:00 pm","CHI","MIA"
2017-01-27,"08:00 pm","NOP","SAS"
2017-01-27,"08:00 pm","ATL","WAS"
2017-01-27,"10:00 pm","POR","MEM"
2017-01-28,"07:00 pm","CHO","SAC"
2017-01-28,"07:30 pm","MIA","DET"
2017-01-28,"08:00 pm","MIL","BOS"
2017-01-28,"08:30 pm","GSW","LAC"
2017-01-28,"09:00 pm","MIN","BRK"
2017-01-28,"09:00 pm","PHO","DEN"
2017-01-28,"09:00 pm","UTA","MEM"
2017-01-29,"03:00 pm","ATL","NYK"
2017-01-29,"03:30 pm","CLE","OKC"
2017-01-29,"06:00 pm","IND","HOU"
2017-01-29,"06:00 pm","TOR","ORL"
2017-01-29,"06:00 pm","NOP","WAS"
2017-01-29,"07:00 pm","SAS","DAL"
2017-01-29,"07:00 pm","CHI","PHI"
2017-01-29,"09:00 pm","POR","GSW"
2017-01-30,"07:30 pm","MIA","BRK"
2017-01-30,"08:00 pm","BOS","DET"
2017-01-30,"08:00 pm","MIN","ORL"
2017-01-30,"08:30 pm","DAL","CLE"
2017-01-30,"10:30 pm","PHO","MEM"
2017-01-31,"07:00 pm","WAS","NYK"
2017-01-31,"07:30 pm","TOR","NOP"
2017-01-31,"08:00 pm","HOU","SAC"
2017-01-31,"08:30 pm","SAS","OKC"
2017-01-31,"10:00 pm","POR","CHO"
2017-01-31,"10:30 pm","LAL","DEN"
2017-02-01,"07:00 pm","ORL","IND"
2017-02-01,"07:00 pm","CLE","MIN"
2017-02-01,"07:30 pm","MIA","ATL"
2017-02-01,"07:30 pm","DET","NOP"
2017-02-01,"07:30 pm","BRK","NYK"
2017-02-01,"07:30 pm","BOS","TOR"
2017-02-01,"08:30 pm","DAL","PHI"
2017-02-01,"09:00 pm","PHO","LAC"
2017-02-01,"09:00 pm","DEN","MEM"
2017-02-01,"09:00 pm","UTA","MIL"
2017-02-01,"09:30 pm","OKC","CHI"
2017-02-01,"10:30 pm","GSW","CHO"
2017-02-02,"07:00 pm","WAS","LAL"
2017-02-02,"08:00 pm","HOU","ATL"
2017-02-02,"08:30 pm","SAS","PHI"
2017-02-02,"10:30 pm","LAC","GSW"
2017-02-03,"07:00 pm","ORL","TOR"
2017-02-03,"07:30 pm","BRK","IND"
2017-02-03,"07:30 pm","DET","MIN"
2017-02-03,"08:00 pm","HOU","CHI"
2017-02-03,"08:00 pm","BOS","LAL"
2017-02-03,"08:00 pm","OKC","MEM"
2017-02-03,"09:00 pm","DEN","MIL"
2017-02-03,"10:30 pm","POR","DAL"
2017-02-03,"10:30 pm","SAC","PHO"
2017-02-04,"07:00 pm","IND","DET"
2017-02-04,"07:00 pm","WAS","NOP"
2017-02-04,"07:00 pm","ATL","ORL"
2017-02-04,"07:30 pm","MIA","PHI"
2017-02-04,"08:30 pm","NYK","CLE"
2017-02-04,"09:00 pm","UTA","CHO"
2017-02-04,"09:00 pm","SAS","DEN"
2017-02-04,"09:00 pm","MIN","MEM"
2017-02-04,"09:00 pm","PHO","MIL"
2017-02-04,"10:30 pm","SAC","GSW"
2017-02-05,"02:00 pm","BOS","LAC"
2017-02-05,"03:00 pm","OKC","POR"
2017-02-05,"12:00 pm","BRK","TOR"
2017-02-06,"07:00 pm","WAS","CLE"
2017-02-06,"07:00 pm","NYK","LAL"
2017-02-06,"07:00 pm","IND","OKC"
2017-02-06,"07:30 pm","TOR","LAC"
2017-02-06,"07:30 pm","DET","PHI"
2017-02-06,"07:30 pm","ATL","UTA"
2017-02-06,"08:00 pm","MIN","MIA"
2017-02-06,"08:00 pm","NOP","PHO"
2017-02-06,"09:00 pm","DEN","DAL"
2017-02-06,"09:30 pm","MEM","SAS"
2017-02-06,"10:30 pm","SAC","CHI"
2017-02-07,"07:00 pm","CHO","BRK"
2017-02-07,"08:00 pm","HOU","ORL"
2017-02-07,"08:30 pm","DAL","POR"
2017-02-08,"07:00 pm","IND","CLE"
2017-02-08,"07:00 pm","PHI","SAS"
2017-02-08,"07:30 pm","ATL","DEN"
2017-02-08,"07:30 pm","DET","LAL"
2017-02-08,"07:30 pm","BRK","WAS"
2017-02-08,"08:00 pm","NYK","LAC"
2017-02-08,"08:00 pm","MIL","MIA"
2017-02-08,"08:00 pm","MEM","PHO"
2017-02-08,"08:00 pm","MIN","TOR"
2017-02-08,"08:00 pm","NOP","UTA"
2017-02-08,"10:30 pm","SAC","BOS"
2017-02-08,"10:30 pm","GSW","CHI"
2017-02-09,"07:00 pm","CHO","HOU"
2017-02-09,"07:00 pm","ORL","PHI"
2017-02-09,"08:00 pm","OKC","CLE"
2017-02-09,"08:30 pm","DAL","UTA"
2017-02-09,"10:30 pm","POR","BOS"
2017-02-10,"07:30 pm","NYK","DEN"
2017-02-10,"07:30 pm","BRK","MIA"
2017-02-10,"07:30 pm","DET","SAS"
2017-02-10,"08:00 pm","MEM","GSW"
2017-02-10,"08:00 pm","WAS","IND"
2017-02-10,"08:00 pm","MIL","LAL"
2017-02-10,"08:00 pm","MIN","NOP"
2017-02-10,"10:30 pm","SAC","ATL"
2017-02-10,"10:30 pm","PHO","CHI"
2017-02-11,"05:00 pm","CHO","LAC"
2017-02-11,"07:00 pm","IND","MIL"
2017-02-11,"07:30 pm","CLE","DEN"
2017-02-11,"07:30 pm","PHI","MIA"
2017-02-11,"08:00 pm","HOU","PHO"
2017-02-11,"08:30 pm","OKC","GSW"
2017-02-11,"09:00 pm","DAL","ORL"
2017-02-11,"10:00 pm","UTA","BOS"
2017-02-12,"03:30 pm","MIN","CHI"
2017-02-12,"03:30 pm","NYK","SAS"
2017-02-12,"06:00 pm","TOR","DET"
2017-02-12,"09:00 pm","SAC","NOP"
2017-02-13,"07:00 pm","WAS","OKC"
2017-02-13,"07:00 pm","CHO","PHI"
2017-02-13,"07:30 pm","BRK","MEM"
2017-02-13,"07:30 pm","MIA","ORL"
2017-02-13,"08:00 pm","MIL","DET"
2017-02-13,"08:00 pm","IND","SAS"
2017-02-13,"08:30 pm","DAL","BOS"
2017-02-13,"09:00 pm","DEN","GSW"
2017-02-13,"09:00 pm","UTA","LAC"
2017-02-13,"09:00 pm","PHO","NOP"
2017-02-13,"10:30 pm","POR","ATL"
2017-02-14,"08:00 pm","MIN","CLE"
2017-02-14,"08:00 pm","CHI","TOR"
2017-02-14,"10:30 pm","LAL","SAC"
2017-02-15,"07:00 pm","CLE","IND"
2017-02-15,"07:00 pm","ORL","SAS"
2017-02-15,"07:30 pm","TOR","CHO"
2017-02-15,"07:30 pm","DET","DAL"
2017-02-15,"07:30 pm","BRK","MIL"
2017-02-15,"07:30 pm","BOS","PHI"
2017-02-15,"08:00 pm","HOU","MIA"
2017-02-15,"08:00 pm","MEM","NOP"
2017-02-15,"09:00 pm","PHO","LAL"
2017-02-15,"09:00 pm","DEN","MIN"
2017-02-15,"09:00 pm","UTA","POR"
2017-02-15,"09:30 pm","OKC","NYK"
2017-02-15,"10:30 pm","LAC","ATL"
2017-02-15,"10:30 pm","GSW","SAC"
2017-02-16,"07:00 pm","IND","WAS"
2017-02-16,"08:00 pm","CHI","BOS"
2017-02-23,"07:00 pm","ORL","POR"
2017-02-23,"07:30 pm","DET","CHO"
2017-02-23,"08:00 pm","NOP","HOU"
2017-02-23,"08:00 pm","CLE","NYK"
2017-02-23,"10:30 pm","SAC","DEN"
2017-02-23,"10:30 pm","GSW","LAC"
2017-02-24,"07:00 pm","IND","MEM"
2017-02-24,"07:00 pm","PHI","WAS"
2017-02-24,"07:30 pm","TOR","BOS"
2017-02-24,"08:00 pm","MIN","DAL"
2017-02-24,"08:00 pm","OKC","LAL"
2017-02-24,"08:00 pm","ATL","MIA"
2017-02-24,"08:00 pm","CHI","PHO"
2017-02-24,"08:00 pm","MIL","UTA"
2017-02-24,"09:00 pm","DEN","BRK"
2017-02-24,"10:30 pm","LAC","SAS"
2017-02-25,"05:00 pm","SAC","CHO"
2017-02-25,"07:00 pm","ORL","ATL"
2017-02-25,"07:30 pm","NYK","PHI"
2017-02-25,"08:00 pm","MIA","IND"
2017-02-25,"08:30 pm","CLE","CHI"
2017-02-25,"08:30 pm","DAL","NOP"
2017-02-25,"09:00 pm","HOU","MIN"
2017-02-25,"10:30 pm","GSW","BRK"
2017-02-26,"03:30 pm","MIL","PHO"
2017-02-26,"03:30 pm","LAL","SAS"
2017-02-26,"05:00 pm","DEN","MEM"
2017-02-26,"05:00 pm","WAS","UTA"
2017-02-26,"06:00 pm","DET","BOS"
2017-02-26,"06:00 pm","TOR","POR"
2017-02-26,"07:00 pm","OKC","NOP"
2017-02-26,"09:30 pm","LAC","CHO"
2017-02-27,"07:00 pm","PHI","GSW"
2017-02-27,"07:00 pm","CLE","MIL"
2017-02-27,"07:00 pm","NYK","TOR"
2017-02-27,"07:30 pm","BOS","ATL"
2017-02-27,"08:00 pm","HOU","IND"
2017-02-27,"09:30 pm","DAL","MIA"
2017-02-27,"10:30 pm","SAC","MIN"
2017-02-28,"07:00 pm","WAS","GSW"
2017-02-28,"07:30 pm","DET","POR"
2017-02-28,"08:00 pm","CHI","DEN"
2017-02-28,"08:00 pm","MEM","PHO"
2017-02-28,"08:00 pm","OKC","UTA"
2017-02-28,"10:30 pm","LAL","CHO"
2017-03-01,"07:00 pm","ORL","NYK"
2017-03-01,"07:30 pm","ATL","DAL"
2017-03-01,"07:30 pm","MIA","PHI"
2017-03-01,"07:30 pm","TOR","WAS"
2017-03-01,"08:00 pm","BOS","CLE"
2017-03-01,"08:00 pm","MIL","DEN"
2017-03-01,"08:00 pm","NOP","DET"
2017-03-01,"08:30 pm","SAS","IND"
2017-03-01,"09:00 pm","UTA","MIN"
2017-03-01,"10:30 pm","SAC","BRK"
2017-03-01,"10:30 pm","LAC","HOU"
2017-03-02,"08:00 pm","CHI","GSW"
2017-03-02,"09:00 pm","PHO","CHO"
2017-03-02,"10:30 pm","POR","OKC"
2017-03-03,"07:00 pm","ORL","MIA"
2017-03-03,"07:00 pm","PHI","NYK"
2017-03-03,"07:00 pm","WAS","TOR"
2017-03-03,"08:00 pm","ATL","CLE"
2017-03-03,"08:00 pm","MIL","LAC"
2017-03-03,"08:30 pm","DAL","MEM"
2017-03-03,"09:00 pm","UTA","BRK"
2017-03-03,"09:00 pm","PHO","OKC"
2017-03-03,"09:30 pm","NOP","SAS"
2017-03-03,"10:30 pm","LAL","BOS"
2017-03-04,"06:00 pm","PHI","DET"
2017-03-04,"08:00 pm","MIA","CLE"
2017-03-04,"08:00 pm","MIL","TOR"
2017-03-04,"08:30 pm","CHI","LAC"
2017-03-04,"09:00 pm","DEN","CHO"
2017-03-04,"09:00 pm","HOU","MEM"
2017-03-04,"09:00 pm","SAS","MIN"
2017-03-04,"10:00 pm","POR","BRK"
2017-03-05,"03:00 pm","ATL","IND"
2017-03-05,"03:30 pm","NYK","GSW"
2017-03-05,"05:00 pm","PHO","BOS"
2017-03-05,"05:00 pm","WAS","ORL"
2017-03-05,"06:00 pm","SAC","UTA"
2017-03-05,"08:30 pm","DAL","OKC"
2017-03-05,"09:30 pm","LAL","NOP"
2017-03-06,"07:00 pm","CLE","MIA"
2017-03-06,"07:00 pm","PHI","MIL"
2017-03-06,"07:00 pm","ORL","NYK"
2017-03-06,"07:30 pm","DET","CHI"
2017-03-06,"07:30 pm","ATL","GSW"
2017-03-06,"08:00 pm","MEM","BRK"
2017-03-06,"08:00 pm","CHO","IND"
2017-03-06,"08:00 pm","MIN","POR"
2017-03-06,"08:30 pm","SAS","HOU"
2017-03-06,"09:00 pm","UTA","NOP"
2017-03-06,"09:00 pm","DEN","SAC"
2017-03-06,"10:30 pm","LAC","BOS"
2017-03-07,"08:00 pm","OKC","POR"
2017-03-07,"08:30 pm","DAL","LAL"
2017-03-07,"09:00 pm","PHO","WAS"
2017-03-08,"07:00 pm","ORL","CHI"
2017-03-08,"07:30 pm","ATL","BRK"
2017-03-08,"07:30 pm","MIA","CHO"
2017-03-08,"08:00 pm","IND","DET"
2017-03-08,"08:00 pm","MIN","LAC"
2017-03-08,"08:00 pm","MIL","NYK"
2017-03-08,"08:00 pm","NOP","TOR"
2017-03-08,"08:00 pm","HOU","UTA"
2017-03-08,"08:30 pm","SAS","SAC"
2017-03-08,"09:00 pm","DEN","WAS"
2017-03-08,"10:30 pm","GSW","BOS"
2017-03-09,"07:30 pm","DET","CLE"
2017-03-09,"08:00 pm","MEM","LAC"
2017-03-09,"08:00 pm","OKC","SAS"
2017-03-09,"10:00 pm","POR","PHI"
2017-03-09,"10:30 pm","PHO","LAL"
2017-03-10,"07:00 pm","CHO","ORL"
2017-03-10,"08:00 pm","MIN","GSW"
2017-03-10,"08:00 pm","CHI","HOU"
2017-03-10,"08:00 pm","MIL","IND"
2017-03-10,"08:00 pm","ATL","TOR"
2017-03-10,"09:00 pm","DEN","BOS"
2017-03-10,"09:00 pm","DAL","BRK"
2017-03-10,"10:30 pm","SAC","WAS"
2017-03-11,"03:00 pm","OKC","UTA"
2017-03-11,"03:30 pm","LAC","PHI"
2017-03-11,"05:00 pm","DET","NYK"
2017-03-11,"07:00 pm","ORL","CLE"
2017-03-11,"07:00 pm","CHO","NOP"
2017-03-11,"08:00 pm","MIL","MIN"
2017-03-11,"08:00 pm","MIA","TOR"
2017-03-11,"08:30 pm","SAS","GSW"
2017-03-11,"09:00 pm","MEM","ATL"
2017-03-11,"09:00 pm","DAL","PHO"
2017-03-11,"10:00 pm","POR","WAS"
2017-03-11,"10:30 pm","SAC","DEN"
2017-03-12,"03:30 pm","BOS","CHI"
2017-03-12,"06:00 pm","IND","MIA"
2017-03-12,"06:00 pm","BRK","NYK"
2017-03-12,"09:00 pm","HOU","CLE"
2017-03-12,"09:00 pm","PHO","POR"
2017-03-12,"09:30 pm","LAL","PHI"
2017-03-13,"07:00 pm","CHO","CHI"
2017-03-13,"07:30 pm","TOR","DAL"
2017-03-13,"08:00 pm","SAS","ATL"
2017-03-13,"08:00 pm","MEM","MIL"
2017-03-13,"08:00 pm","MIN","WAS"
2017-03-13,"09:00 pm","UTA","LAC"
2017-03-13,"10:30 pm","DEN","LAL"
2017-03-13,"10:30 pm","SAC","ORL"
2017-03-14,"07:00 pm","CLE","DET"
2017-03-14,"07:30 pm","NYK","IND"
2017-03-14,"07:30 pm","BRK","OKC"
2017-03-14,"08:00 pm","NOP","POR"
2017-03-14,"10:30 pm","GSW","PHI"
2017-03-15,"07:00 pm","IND","CHO"
2017-03-15,"07:00 pm","WAS","DAL"
2017-03-15,"07:30 pm","BOS","MIN"
2017-03-15,"07:30 pm","MIA","NOP"
2017-03-15,"07:30 pm","DET","UTA"
2017-03-15,"08:00 pm","HOU","LAL"
2017-03-15,"08:00 pm","CHI","MEM"
2017-03-15,"08:00 pm","SAS","POR"
2017-03-15,"10:00 pm","PHO","SAC"
2017-03-15,"10:30 pm","LAC","MIL"
2017-03-16,"07:00 pm","TOR","OKC"
2017-03-16,"07:00 pm","CLE","UTA"
2017-03-16,"07:30 pm","NYK","BRK"
2017-03-16,"07:30 pm","ATL","MEM"
2017-03-16,"09:00 pm","DEN","LAC"
2017-03-16,"10:30 pm","GSW","ORL"
2017-03-17,"07:00 pm","WAS","CHI"
2017-03-17,"07:00 pm","PHI","DAL"
2017-03-17,"07:30 pm","BRK","BOS"
2017-03-17,"07:30 pm","DET","TOR"
2017-03-17,"08:00 pm","NOP","HOU"
2017-03-17,"08:00 pm","MIA","MIN"
2017-03-17,"10:00 pm","PHO","ORL"
2017-03-17,"10:30 pm","LAL","MIL"
2017-03-18,"03:00 pm","OKC","SAC"
2017-03-18,"06:00 pm","ATL","POR"
2017-03-18,"07:00 pm","CHO","WAS"
2017-03-18,"08:30 pm","LAC","CLE"
2017-03-18,"09:00 pm","MEM","SAS"
2017-03-18,"09:00 pm","CHI","UTA"
2017-03-18,"09:30 pm","DEN","HOU"
2017-03-18,"10:30 pm","GSW","MIL"
2017-03-19,"01:00 pm","PHI","BOS"
2017-03-19,"04:30 pm","DET","PHO"
2017-03-19,"06:00 pm","TOR","IND"
2017-03-19,"06:00 pm","NOP","MIN"
2017-03-19,"06:00 pm","MIA","POR"
2017-03-19,"07:00 pm","SAS","SAC"
2017-03-19,"09:30 pm","LAL","CLE"
2017-03-19,"12:00 pm","BRK","DAL"
2017-03-20,"07:00 pm","CHO","ATL"
2017-03-20,"07:00 pm","ORL","PHI"
2017-03-20,"07:00 pm","IND","UTA"
2017-03-20,"07:30 pm","BOS","WAS"
2017-03-20,"08:00 pm","HOU","DEN"
2017-03-20,"08:00 pm","OKC","GSW"
2017-03-20,"10:30 pm","LAC","NYK"
2017-03-21,"07:00 pm","TOR","CHI"
2017-03-21,"07:30 pm","BRK","DET"
2017-03-21,"07:30 pm","MIA","PHO"
2017-03-21,"08:00 pm","NOP","MEM"
2017-03-21,"08:30 pm","DAL","GSW"
2017-03-21,"09:30 pm","MIN","SAS"
2017-03-21,"10:00 pm","POR","MIL"
2017-03-21,"10:30 pm","LAL","LAC"
2017-03-22,"07:00 pm","ORL","CHO"
2017-03-22,"07:30 pm","BOS","IND"
2017-03-22,"08:00 pm","WAS","ATL"
2017-03-22,"08:00 pm","CHI","DET"
2017-03-22,"08:00 pm","OKC","PHI"
2017-03-22,"09:00 pm","DEN","CLE"
2017-03-22,"10:30 pm","SAC","MIL"
2017-03-22,"10:30 pm","UTA","NYK"
2017-03-23,"07:30 pm","BRK","PHO"
2017-03-23,"07:30 pm","MIA","TOR"
2017-03-23,"08:30 pm","DAL","LAC"
2017-03-23,"08:30 pm","SAS","MEM"
2017-03-23,"10:00 pm","POR","NYK"
2017-03-24,"07:00 pm","WAS","BRK"
2017-03-24,"07:00 pm","CHO","CLE"
2017-03-24,"07:00 pm","IND","DEN"
2017-03-24,"07:00 pm","ORL","DET"
2017-03-24,"07:30 pm","BOS","PHO"
2017-03-24,"08:00 pm","MIL","ATL"
2017-03-24,"08:00 pm","HOU","NOP"
2017-03-24,"08:00 pm","CHI","PHI"
2017-03-24,"10:30 pm","LAL","MIN"
2017-03-24,"10:30 pm","GSW","SAC"
2017-03-25,"03:30 pm","LAC","UTA"
2017-03-25,"07:30 pm","CLE","WAS"
2017-03-25,"08:30 pm","SAS","NYK"
2017-03-25,"08:30 pm","DAL","TOR"
2017-03-25,"10:00 pm","POR","MIN"
2017-03-26,"01:00 pm","ATL","BRK"
2017-03-26,"01:00 pm","CHO","PHO"
2017-03-26,"03:30 pm","MIL","CHI"
2017-03-26,"03:30 pm","HOU","OKC"
2017-03-26,"03:30 pm","LAC","SAC"
2017-03-26,"06:00 pm","BOS","MIA"
2017-03-26,"06:00 pm","IND","PHI"
2017-03-26,"08:00 pm","GSW","MEM"
2017-03-26,"08:00 pm","DEN","NOP"
2017-03-26,"09:30 pm","LAL","POR"
2017-03-27,"07:30 pm","NYK","DET"
2017-03-27,"07:30 pm","TOR","ORL"
2017-03-27,"08:00 pm","SAS","CLE"
2017-03-27,"08:30 pm","DAL","OKC"
2017-03-27,"10:30 pm","SAC","MEM"
2017-03-27,"10:30 pm","UTA","NOP"
2017-03-28,"07:00 pm","CHO","MIL"
2017-03-28,"07:00 pm","IND","MIN"
2017-03-28,"07:30 pm","DET","MIA"
2017-03-28,"07:30 pm","BRK","PHI"
2017-03-28,"07:30 pm","ATL","PHO"
2017-03-28,"08:00 pm","HOU","GSW"
2017-03-28,"10:00 pm","POR","DEN"
2017-03-28,"10:30 pm","LAL","WAS"
2017-03-29,"07:00 pm","PHI","ATL"
2017-03-29,"07:00 pm","ORL","OKC"
2017-03-29,"07:30 pm","TOR","CHO"
2017-03-29,"07:30 pm","NYK","MIA"
2017-03-29,"07:30 pm","BOS","MIL"
2017-03-29,"08:00 pm","NOP","DAL"
2017-03-29,"08:00 pm","MEM","IND"
2017-03-29,"09:30 pm","SAS","GSW"
2017-03-29,"10:30 pm","SAC","UTA"
2017-03-29,"10:30 pm","LAC","WAS"
2017-03-30,"07:30 pm","DET","BRK"
2017-03-30,"08:00 pm","CHI","CLE"
2017-03-30,"08:00 pm","MIN","LAL"
2017-03-30,"10:00 pm","PHO","LAC"
2017-03-30,"10:30 pm","POR","HOU"
2017-03-31,"07:00 pm","CHO","DEN"
2017-03-31,"07:00 pm","TOR","IND"
2017-03-31,"07:30 pm","BOS","ORL"
2017-03-31,"07:30 pm","CLE","PHI"
2017-03-31,"08:00 pm","MEM","DAL"
2017-03-31,"08:00 pm","MIL","DET"
2017-03-31,"08:00 pm","MIA","NYK"
2017-03-31,"08:00 pm","NOP","SAC"
2017-03-31,"09:00 pm","UTA","WAS"
2017-03-31,"09:30 pm","OKC","SAS"
2017-03-31,"10:30 pm","GSW","HOU"
2017-04-01,"03:30 pm","LAC","LAL"
2017-04-01,"05:00 pm","CHI","ATL"
2017-04-01,"06:00 pm","BRK","ORL"
2017-04-01,"08:00 pm","MIN","SAC"
2017-04-01,"10:00 pm","POR","PHO"
2017-04-02,"01:00 pm","NYK","BOS"
2017-04-02,"03:00 pm","OKC","CHO"
2017-04-02,"03:30 pm","MIL","DAL"
2017-04-02,"03:30 pm","LAL","MEM"
2017-04-02,"03:30 pm","SAS","UTA"
2017-04-02,"06:00 pm","BRK","ATL"
2017-04-02,"06:00 pm","NOP","CHI"
2017-04-02,"06:00 pm","MIA","DEN"
2017-04-02,"06:00 pm","CLE","IND"
2017-04-02,"06:00 pm","TOR","PHI"
2017-04-02,"08:00 pm","GSW","WAS"
2017-04-02,"09:00 pm","PHO","HOU"
2017-04-04,"07:00 pm","PHI","BRK"
2017-04-04,"07:00 pm","WAS","CHO"
2017-04-04,"07:00 pm","CLE","ORL"
2017-04-04,"07:00 pm","IND","TOR"
2017-04-04,"08:00 pm","NYK","CHI"
2017-04-04,"08:00 pm","NOP","DEN"
2017-04-04,"08:00 pm","OKC","MIL"
2017-04-04,"08:30 pm","SAS","MEM"
2017-04-04,"10:30 pm","SAC","DAL"
2017-04-04,"10:30 pm","GSW","MIN"
2017-04-04,"10:30 pm","UTA","POR"
2017-04-05,"07:00 pm","CHO","MIA"
2017-04-05,"07:30 pm","DET","TOR"
2017-04-05,"08:00 pm","BOS","CLE"
2017-04-05,"08:00 pm","HOU","DEN"
2017-04-05,"08:00 pm","MEM","OKC"
2017-04-05,"08:30 pm","SAS","LAL"
2017-04-05,"10:00 pm","PHO","GSW"
2017-04-05,"10:30 pm","LAC","DAL"
2017-04-06,"07:00 pm","ORL","BRK"
2017-04-06,"07:00 pm","PHI","CHI"
2017-04-06,"07:00 pm","IND","MIL"
2017-04-06,"07:30 pm","NYK","WAS"
2017-04-06,"08:00 pm","ATL","BOS"
2017-04-06,"10:30 pm","POR","MIN"
2017-04-07,"07:30 pm","CLE","ATL"
2017-04-07,"07:30 pm","TOR","MIA"
2017-04-07,"08:00 pm","HOU","DET"
2017-04-07,"08:00 pm","MEM","NYK"
2017-04-07,"08:30 pm","DAL","SAS"
2017-04-07,"09:00 pm","UTA","MIN"
2017-04-07,"09:00 pm","DEN","NOP"
2017-04-07,"10:00 pm","PHO","OKC"
2017-04-07,"10:30 pm","LAL","SAC"
2017-04-08,"05:00 pm","BRK","CHI"
2017-04-08,"06:00 pm","CHO","BOS"
2017-04-08,"06:00 pm","ORL","IND"
2017-04-08,"07:00 pm","WAS","MIA"
2017-04-08,"07:00 pm","PHI","MIL"
2017-04-08,"08:30 pm","SAS","LAC"
2017-04-08,"10:00 pm","POR","UTA"
2017-04-08,"10:30 pm","GSW","NOP"
2017-04-09,"01:00 pm","NYK","TOR"
2017-04-09,"03:30 pm","ATL","CLE"
2017-04-09,"05:00 pm","DEN","OKC"
2017-04-09,"06:00 pm","PHO","DAL"
2017-04-09,"06:00 pm","MEM","DET"
2017-04-09,"06:00 pm","SAC","HOU"
2017-04-09,"09:30 pm","LAL","MIN"
2017-04-10,"07:00 pm","PHI","IND"
2017-04-10,"07:30 pm","BOS","BRK"
2017-04-10,"07:30 pm","MIA","CLE"
2017-04-10,"08:00 pm","MIL","CHO"
2017-04-10,"08:00 pm","CHI","ORL"
2017-04-10,"08:00 pm","DET","WAS"
2017-04-10,"10:00 pm","POR","SAS"
2017-04-10,"10:30 pm","LAC","HOU"
2017-04-10,"10:30 pm","GSW","UTA"
2017-04-11,"07:30 pm","ATL","CHO"
2017-04-11,"08:00 pm","MIN","OKC"
2017-04-11,"08:30 pm","DAL","DEN"
2017-04-11,"10:30 pm","LAL","NOP"
2017-04-11,"10:30 pm","SAC","PHO"
2017-04-12,"08:00 pm","IND","ATL"
2017-04-12,"08:00 pm","CHI","BRK"
2017-04-12,"08:00 pm","MEM","DAL"
2017-04-12,"08:00 pm","OKC","DEN"
2017-04-12,"08:00 pm","ORL","DET"
2017-04-12,"08:00 pm","BOS","MIL"
2017-04-12,"08:00 pm","HOU","MIN"
2017-04-12,"08:00 pm","NYK","PHI"
2017-04-12,"08:00 pm","CLE","TOR"
2017-04-12,"08:00 pm","MIA","WAS"
2017-04-12,"10:00 pm","UTA","SAS"
2017-04-12,"10:30 pm","GSW","LAL"
2017-04-12,"10:30 pm","POR","NOP"
2017-04-12,"10:30 pm","LAC","SAC"
