"Pick","Team","Player","College","Year"
"1","SAS","Tim Duncan","Wake Forest University","1997"
"2","PHI","Keith Van Horn","University of Utah","1997"
"3","BOS","Chauncey Billups","University of Colorado","1997"
"4","VAN","Antonio Daniels","Bowling Green State University","1997"
"5","DEN","Tony Battie","Texas Tech University","1997"
"6","BOS","Ron Mercer","University of Kentucky","1997"
"7","NJN","Tim Thomas","Villanova University","1997"
"8","GSW","Adonal Foyle","Colgate University","1997"
"9","TOR","Tracy McGrady","","1997"
"10","MIL","Danny Fortson","University of Cincinnati","1997"
"11","SAC","Tariq Abdul-Wahad","San Jose State University","1997"
"12","IND","Austin Croshere","Providence College","1997"
"13","CLE","Derek Anderson","University of Kentucky","1997"
"14","LAC","Maurice Taylor","University of Michigan","1997"
"15","DAL","Kelvin Cato","Iowa State University","1997"
"16","CLE","Brevin Knight","Stanford University","1997"
"17","ORL","Johnny Taylor","University of Tennessee at Chattanooga","1997"
"18","POR","Chris Anstey","","1997"
"19","DET","Scot Pollard","University of Kansas","1997"
"20","MIN","Paul Grant","University of Wisconsin","1997"
"21","NJN","Anthony Parker","Bradley University","1997"
"22","ATL","Ed Gray","University of California","1997"
"23","SEA","Bobby Jackson","University of Minnesota","1997"
"24","HOU","Rodrick Rhodes","University of Southern California","1997"
"25","NYK","John Thomas","University of Minnesota","1997"
"26","MIA","Charles Smith","University of New Mexico","1997"
"27","UTA","Jacque Vaughn","University of Kansas","1997"
"28","CHI","Keith Booth","University of Maryland","1997"
"29","HOU","Serge Zwikker","University of North Carolina","1997"
"30","MIA","Mark Sanford","University of Washington","1997"
"31","DET","Charles O'Bannon","University of California, Los Angeles","1997"
"32","DEN","James Cotton","California State University, Long Beach","1997"
"33","PHI","Marko Milic","","1997"
"34","DAL","Bubba Wells","Austin Peay State University","1997"
"35","PHI","Kebu Stewart","California State University, Bakersfield","1997"
"36","PHI","James Collins","Florida State University","1997"
"37","GSW","Marc Jackson","Temple University","1997"
"38","MIL","Jerald Honeycutt","Tulane University","1997"
"39","SAC","Anthony Johnson","College of Charleston","1997"
"40","SEA","Eddie Elisma","Georgia Institute of Technology","1997"
"41","DEN","Jason Lawson","Villanova University","1997"
"42","PHO","Stephen Jackson","Butler County Community College","1997"
"43","MIN","Gordon Malone","West Virginia University","1997"
"44","CLE","Cedric Henderson","University of Memphis","1997"
"45","WAS","God Shammgod","Providence College","1997"
"46","ORL","Eric Washington","University of Alabama","1997"
"47","POR","Alvin Williams","Villanova University","1997"
"48","WAS","Predrag Drobnjak","","1997"
"49","ATL","Alain Digbeu","","1997"
"50","ATL","Chris Crawford","Marquette University","1997"
"51","LAL","DeJuan Wheat","University of Louisville","1997"
"52","VAN","C.J. Bruton","Indian Hills Community College","1997"
"53","LAL","Paul Rogers","Gonzaga University","1997"
"54","SEA","Mark Blount","University of Pittsburgh","1997"
"55","BOS","Ben Pepper","","1997"
"56","UTA","Nate Erdmann","University of Oklahoma","1997"
"57","CHI","Roberto Duenas","","1997"
"1","LAC","Michael Olowokandi","University of the Pacific","1998"
"2","VAN","Mike Bibby","University of Arizona","1998"
"3","DEN","Raef LaFrentz","University of Kansas","1998"
"4","TOR","Antawn Jamison","University of North Carolina","1998"
"5","GSW","Vince Carter","University of North Carolina","1998"
"6","DAL","Robert Traylor","University of Michigan","1998"
"7","SAC","Jason Williams","University of Florida","1998"
"8","PHI","Larry Hughes","Saint Louis University","1998"
"9","MIL","Dirk Nowitzki","","1998"
"10","BOS","Paul Pierce","University of Kansas","1998"
"11","DET","Bonzi Wells","Ball State University","1998"
"12","ORL","Michael Doleac","University of Utah","1998"
"13","ORL","Keon Clark","University of Nevada, Las Vegas","1998"
"14","HOU","Michael Dickerson","University of Arizona","1998"
"15","ORL","Matt Harpring","Georgia Institute of Technology","1998"
"16","HOU","Bryce Drew","Valparaiso University","1998"
"17","MIN","Rasho Nesterovic","","1998"
"18","HOU","Mirsad Turkcan","","1998"
"19","MIL","Pat Garrity","University of Notre Dame","1998"
"20","ATL","Roshown McLeod","Duke University","1998"
"21","CHH","Ricky Davis","University of Iowa","1998"
"22","LAC","Brian Skinner","Baylor University","1998"
"23","DEN","Tyronn Lue","University of Nebraska","1998"
"24","SAS","Felipe Lopez","St. John's University","1998"
"25","IND","Al Harrington","","1998"
"26","LAL","Sam Jacobson","University of Minnesota","1998"
"27","SEA","Vladimir Stepania","","1998"
"28","CHI","Corey Benjamin","Oregon State University","1998"
"29","UTA","Nazr Mohammed","University of Kentucky","1998"
"30","DAL","Ansu Sesay","University of Mississippi","1998"
"31","LAL","Ruben Patterson","University of Cincinnati","1998"
"32","SEA","Rashard Lewis","","1998"
"33","SEA","Jelani McCoy","University of California, Los Angeles","1998"
"34","CHI","Shammond Williams","University of North Carolina","1998"
"35","DAL","Bruno Sundov","","1998"
"36","SAC","Jerome James","Florida Agricultural and Mechanical University","1998"
"37","PHI","Casey Shaw","University of Toledo","1998"
"38","NYK","DeMarco Johnson","University of North Carolina at Charlotte","1998"
"39","MIL","Rafer Alston","California State University, Fresno","1998"
"40","DET","Korleone Young","","1998"
"41","HOU","Cuttino Mobley","University of Rhode Island","1998"
"42","ORL","Miles Simon","University of Arizona","1998"
"43","WAS","Jahidi White","Georgetown University","1998"
"44","NYK","Sean Marks","University of California","1998"
"45","LAL","Toby Bailey","University of California, Los Angeles","1998"
"46","MIN","Andrae Patterson","Indiana University","1998"
"47","TOR","Tyson Wheeler","University of Rhode Island","1998"
"48","CLE","Ryan Stack","University of South Carolina","1998"
"49","ATL","Cory Carr","Texas Tech University","1998"
"50","CHH","Andrew Betts","California State University, Long Beach","1998"
"51","MIA","Corey Brewer","University of Oklahoma","1998"
"52","SAS","Derrick Dial","Eastern Michigan University","1998"
"53","DAL","Greg Buckner","Clemson University","1998"
"54","DEN","Tremaine Fowlkes","California State University, Fresno","1998"
"55","DEN","Ryan Bowen","University of Iowa","1998"
"56","VAN","J.R. Henderson","University of California, Los Angeles","1998"
"57","UTA","Torraye Braggs","Xavier University","1998"
"58","CHI","Maceo Baston","University of Michigan","1998"
"1","CHI","Elton Brand","Duke University","1999"
"2","VAN","Steve Francis","University of Maryland","1999"
"3","CHH","Baron Davis","University of California, Los Angeles","1999"
"4","LAC","Lamar Odom","University of Rhode Island","1999"
"5","TOR","Jonathan Bender","","1999"
"6","MIN","Wally Szczerbiak","Miami University","1999"
"7","WAS","Richard Hamilton","University of Connecticut","1999"
"8","CLE","Andre Miller","University of Utah","1999"
"9","PHO","Shawn Marion","University of Nevada, Las Vegas","1999"
"10","ATL","Jason Terry","University of Arizona","1999"
"11","CLE","Trajan Langdon","Duke University","1999"
"12","TOR","Aleksandar Radojevic","Barton County Community College","1999"
"13","SEA","Corey Maggette","Duke University","1999"
"14","MIN","William Avery","Duke University","1999"
"15","NYK","Frederic Weis","","1999"
"16","CHI","Metta World Peace","St. John's University","1999"
"17","ATL","Cal Bowdler","Old Dominion University","1999"
"18","DEN","James Posey","Xavier University","1999"
"19","UTA","Quincy Lewis","University of Minnesota","1999"
"20","ATL","Dion Glover","Georgia Institute of Technology","1999"
"21","GSW","Jeff Foster","Texas State University","1999"
"22","HOU","Kenny Thomas","University of New Mexico","1999"
"23","LAL","Devean George","Augsburg College","1999"
"24","UTA","Andrei Kirilenko","","1999"
"25","MIA","Tim James","University of Miami","1999"
"26","IND","Vonteego Cummings","University of Pittsburgh","1999"
"27","ATL","Jumaine Jones","University of Georgia","1999"
"28","UTA","Scott Padgett","University of Kentucky","1999"
"29","SAS","Leon Smith","","1999"
"30","LAL","John Celestand","Villanova University","1999"
"31","LAC","Rico Hill","Illinois State University","1999"
"32","CHI","Michael Ruffin","University of Tulsa","1999"
"33","DEN","Chris Herren","California State University, Fresno","1999"
"34","NJN","Evan Eschmeyer","Northwestern University","1999"
"35","WAS","Calvin Booth","Pennsylvania State University","1999"
"36","DAL","Wang Zhizhi","","1999"
"37","VAN","Obinna Ekezie","University of Maryland","1999"
"38","ORL","Laron Profit","University of Maryland","1999"
"39","CLE","A.J. Bramlett","University of Arizona","1999"
"40","DAL","Gordan Giricek","","1999"
"41","DEN","Francisco Elson","University of California","1999"
"42","MIN","Louis Bullock","University of Michigan","1999"
"43","CHH","Lee Nailon","Texas Christian University","1999"
"44","HOU","Tyrone Washington","Mississippi State University","1999"
"45","SAC","Ryan Robertson","University of Kansas","1999"
"46","NYK","J.R. Koch","University of Iowa","1999"
"47","PHI","Todd MacCulloch","University of Washington","1999"
"48","MIL","Galen Young","University of North Carolina at Charlotte","1999"
"49","CHI","Lari Ketner","University of Massachusetts Amherst","1999"
"50","HOU","Venson Hamilton","University of Nebraska","1999"
"51","VAN","Antwain Smith","Saint Paul's College","1999"
"52","POR","Roberto Bergersen","Boise State University","1999"
"53","MIA","Rodney Buford","Creighton University","1999"
"54","DET","Melvin Levett","University of Cincinnati","1999"
"55","BOS","Kris Clack","University of Texas at Austin","1999"
"56","GSW","Tim Young","Stanford University","1999"
"57","SAS","Manu Ginobili","","1999"
"58","UTA","Eddie Lucas","Virginia Polytechnic Institute and State University","1999"
"1","NJN","Kenyon Martin","University of Cincinnati","2000"
"2","VAN","Stromile Swift","Louisiana State University","2000"
"3","LAC","Darius Miles","","2000"
"4","CHI","Marcus Fizer","Iowa State University","2000"
"5","ORL","Mike Miller","University of Florida","2000"
"6","ATL","DerMarr Johnson","University of Cincinnati","2000"
"7","CHI","Chris Mihm","University of Texas at Austin","2000"
"8","CLE","Jamal Crawford","University of Michigan","2000"
"9","HOU","Joel Przybilla","University of Minnesota","2000"
"10","ORL","Keyon Dooling","University of Missouri","2000"
"11","BOS","Jerome Moiso","University of California, Los Angeles","2000"
"12","DAL","Etan Thomas","Syracuse University","2000"
"13","ORL","Courtney Alexander","California State University, Fresno","2000"
"14","DET","Mateen Cleaves","Michigan State University","2000"
"15","MIL","Jason Collier","Georgia Institute of Technology","2000"
"16","SAC","Hedo Turkoglu","","2000"
"17","SEA","Desmond Mason","Oklahoma State University","2000"
"18","LAC","Quentin Richardson","DePaul University","2000"
"19","CHH","Jamaal Magloire","University of Kentucky","2000"
"20","PHI","Speedy Claxton","Hofstra University","2000"
"21","TOR","Morris Peterson","Michigan State University","2000"
"22","NYK","Donnell Harvey","University of Florida","2000"
"23","UTA","DeShawn Stevenson","","2000"
"24","CHI","Dalibor Bagaric","","2000"
"25","PHO","Jake Tsakalidis","","2000"
"26","DEN","Mamadou N'Diaye","Auburn University","2000"
"27","IND","Primoz Brezec","","2000"
"28","POR","Erick Barkley","St. John's University","2000"
"29","LAL","Mark Madsen","Stanford University","2000"
"30","LAC","Marko Jaric","","2000"
"31","DAL","Dan Langhi","Vanderbilt University","2000"
"32","CHI","A.J. Guyton","Indiana University","2000"
"33","CHI","Jake Voskuhl","University of Connecticut","2000"
"34","CHI","Khalid El-Amin","University of Connecticut","2000"
"35","WAS","Mike Smith","University of Louisiana at Monroe","2000"
"36","NJN","Soumaila Samake","","2000"
"37","MIA","Eddie House","Arizona State University","2000"
"38","HOU","Eduardo Najera","University of Oklahoma","2000"
"39","NYK","Lavor Postell","St. John's University","2000"
"40","ATL","Hanno Mottola","University of Utah","2000"
"41","SAS","Chris Carrawell","Duke University","2000"
"42","SEA","Olumide Oyedeji","","2000"
"43","MIL","Michael Redd","Ohio State University","2000"
"44","DET","Brian Cardinal","Purdue University","2000"
"45","SAC","Jabari Smith","Louisiana State University","2000"
"46","TOR","DeeAndre Hulett","College of the Sequoias","2000"
"47","SEA","Josip Sesar","","2000"
"48","PHI","Mark Karcher","Temple University","2000"
"49","MIL","Jason Hart","Syracuse University","2000"
"50","UTA","Kaniel Dickens","University of Idaho","2000"
"51","MIN","Igor Rakocevic","","2000"
"52","MIA","Ernest Brown","Indian Hills Community College","2000"
"53","DEN","Dan McClintock","Northern Arizona University","2000"
"54","SAS","Cory Hightower","Indian Hills Community College","2000"
"55","GSW","Chris Porter","Auburn University","2000"
"56","IND","Jaquay Walls","University of Colorado","2000"
"57","ATL","Scoonie Penn","Ohio State University","2000"
"58","DAL","Pete Mickeal","University of Cincinnati","2000"
"1","WAS","Kwame Brown","","2001"
"2","LAC","Tyson Chandler","","2001"
"3","ATL","Pau Gasol","","2001"
"4","CHI","Eddy Curry","","2001"
"5","GSW","Jason Richardson","Michigan State University","2001"
"6","MEM","Shane Battier","Duke University","2001"
"7","NJN","Eddie Griffin","Seton Hall University","2001"
"8","CLE","DeSagana Diop","","2001"
"9","DET","Rodney White","University of North Carolina at Charlotte","2001"
"10","BOS","Joe Johnson","University of Arkansas","2001"
"11","BOS","Kedrick Brown","Okaloosa-Walton Community College","2001"
"12","SEA","Vladimir Radmanovic","","2001"
"13","HOU","Richard Jefferson","University of Arizona","2001"
"14","GSW","Troy Murphy","University of Notre Dame","2001"
"15","ORL","Steven Hunter","DePaul University","2001"
"16","CHH","Kirk Haston","Indiana University","2001"
"17","TOR","Michael Bradley","Villanova University","2001"
"18","HOU","Jason Collins","Stanford University","2001"
"19","POR","Zach Randolph","Michigan State University","2001"
"20","CLE","Brendan Haywood","University of North Carolina","2001"
"21","BOS","Joseph Forte","University of North Carolina","2001"
"22","ORL","Jeryl Sasser","Southern Methodist University","2001"
"23","HOU","Brandon Armstrong","Pepperdine University","2001"
"24","UTA","Raul Lopez","","2001"
"25","SAC","Gerald Wallace","University of Alabama","2001"
"26","PHI","Samuel Dalembert","Seton Hall University","2001"
"27","MEM","Jamaal Tinsley","Iowa State University","2001"
"28","SAS","Tony Parker","","2001"
"Minnesota forfeited the 29th overall pick.","Minnesota forfeited the 29th overall pick.","Minnesota forfeited the 29th overall pick.","Minnesota forfeited the 29th overall pick.","2001"
"30","CHI","Trenton Hassell","Austin Peay State University","2001"
"31","GSW","Gilbert Arenas","University of Arizona","2001"
"32","ORL","Omar Cook","St. John's University","2001"
"33","MEM","Will Solomon","Clemson University","2001"
"34","ATL","Terence Morris","University of Maryland","2001"
"35","NJN","Brian Scalabrine","University of Southern California","2001"
"36","CLE","Jeff Trepagnier","University of Southern California","2001"
"37","PHI","Damone Brown","Syracuse University","2001"
"38","DET","Mehmet Okur","","2001"
"39","NYK","Michael Wright","University of Arizona","2001"
"40","SEA","Earl Watson","University of California, Los Angeles","2001"
"41","IND","Jamison Brewer","Auburn University","2001"
"42","SEA","Bobby Simmons","DePaul University","2001"
"43","NYK","Eric Chenowith","University of Kansas","2001"
"44","DAL","Kyle Hill","Eastern Illinois University","2001"
"45","CHI","Sean Lampley","University of California","2001"
"46","MIN","Loren Woods","University of Arizona","2001"
"47","DEN","Ousmane Cisse","","2001"
"48","MEM","Antonis Fotsis","","2001"
"49","MIA","Ken Johnson","Ohio State University","2001"
"50","POR","Ruben Boumtje-Boumtje","Georgetown University","2001"
"51","PHO","Alton Ford","University of Houston","2001"
"52","MIL","Andre Hutson","Michigan State University","2001"
"53","UTA","Jarron Collins","Stanford University","2001"
"54","DAL","Kenny Satterfield","University of Cincinnati","2001"
"55","SAC","Maurice Jeffers","Saint Louis University","2001"
"56","SAS","Robertas Javtokas","","2001"
"57","PHI","Alvin Jones","Georgia Institute of Technology","2001"
"58","SAS","Bryan Bracey","University of Oregon","2001"
"1","HOU","Yao Ming","","2002"
"2","CHI","Jay Williams","Duke University","2002"
"3","GSW","Mike Dunleavy","Duke University","2002"
"4","MEM","Drew Gooden","University of Kansas","2002"
"5","DEN","Nikoloz Tskitishvili","","2002"
"6","CLE","Dajuan Wagner","University of Memphis","2002"
"7","NYK","Nene Hilario","","2002"
"8","LAC","Chris Wilcox","University of Maryland","2002"
"9","PHO","Amar'e Stoudemire","","2002"
"10","MIA","Caron Butler","University of Connecticut","2002"
"11","WAS","Jared Jeffries","Indiana University","2002"
"12","LAC","Melvin Ely","California State University, Fresno","2002"
"13","MIL","Marcus Haislip","University of Tennessee","2002"
"14","IND","Fred Jones","University of Oregon","2002"
"15","HOU","Bostjan Nachbar","","2002"
"16","PHI","Jiri Welsch","","2002"
"17","WAS","Juan Dixon","University of Maryland","2002"
"18","ORL","Curtis Borchardt","Stanford University","2002"
"19","UTA","Ryan Humphrey","University of Notre Dame","2002"
"20","TOR","Kareem Rush","University of Missouri","2002"
"21","POR","Qyntel Woods","Northeast Mississippi Community College","2002"
"22","PHO","Casey Jacobsen","Stanford University","2002"
"23","DET","Tayshaun Prince","University of Kentucky","2002"
"24","NJN","Nenad Krstic","","2002"
"25","DEN","Frank Williams","University of Illinois at Urbana-Champaign","2002"
"26","SAS","John Salmons","University of Miami","2002"
"27","LAL","Chris Jefferies","California State University, Fresno","2002"
"28","SAC","Dan Dickau","Gonzaga University","2002"
"Minnesota forfeited the 29th overall pick.","Minnesota forfeited the 29th overall pick.","Minnesota forfeited the 29th overall pick.","Minnesota forfeited the 29th overall pick.","2002"
"30","GSW","Steve Logan","University of Cincinnati","2002"
"31","CHI","Roger Mason","University of Virginia","2002"
"32","MEM","Robert Archibald","University of Illinois at Urbana-Champaign","2002"
"33","DEN","Vincent Yarbrough","University of Tennessee","2002"
"34","MIL","Dan Gadzuric","University of California, Los Angeles","2002"
"35","CLE","Carlos Boozer","Duke University","2002"
"36","NYK","Milos Vujanic","","2002"
"37","ATL","David Andersen","","2002"
"38","HOU","Tito Maddox","California State University, Fresno","2002"
"39","WAS","Rod Grizzard","University of Alabama","2002"
"40","WAS","Juan Carlos Navarro","","2002"
"41","LAC","Mario Kasun","","2002"
"42","MIL","Ronald Murray","Shaw University","2002"
"43","POR","Jason Jennings","Arkansas State University","2002"
"44","CHI","Lonny Baxter","University of Maryland","2002"
"45","PHI","Sam Clancy","University of Southern California","2002"
"46","MEM","Matt Barnes","University of California, Los Angeles","2002"
"47","UTA","Jamal Sampson","University of California","2002"
"48","MIL","Chris Owens","University of Texas at Austin","2002"
"49","SEA","Peter Fehse","","2002"
"50","BOS","Darius Songaila","Wake Forest University","2002"
"51","POR","Federico Kammerichs","","2002"
"52","MIN","Marcus Taylor","Michigan State University","2002"
"53","MIA","Rasual Butler","La Salle University","2002"
"54","NJN","Tamar Slay","Marshall University","2002"
"55","DAL","Mladen Sekularac","","2002"
"56","SAS","Luis Scola","","2002"
"57","SAS","Randy Holcomb","San Diego State University","2002"
"58","SAC","Corsley Edwards","Central Connecticut State University","2002"
"1","CLE","LeBron James","","2003"
"2","DET","Darko Milicic","","2003"
"3","DEN","Carmelo Anthony","Syracuse University","2003"
"4","TOR","Chris Bosh","Georgia Institute of Technology","2003"
"5","MIA","Dwyane Wade","Marquette University","2003"
"6","LAC","Chris Kaman","Central Michigan University","2003"
"7","CHI","Kirk Hinrich","University of Kansas","2003"
"8","MIL","T.J. Ford","University of Texas at Austin","2003"
"9","NYK","Mike Sweetney","Georgetown University","2003"
"10","WAS","Jarvis Hayes","University of Georgia","2003"
"11","GSW","Mickael Pietrus","","2003"
"12","SEA","Nick Collison","University of Kansas","2003"
"13","MEM","Marcus Banks","University of Nevada, Las Vegas","2003"
"14","SEA","Luke Ridnour","University of Oregon","2003"
"15","ORL","Reece Gaines","University of Louisville","2003"
"16","BOS","Troy Bell","Boston College","2003"
"17","PHO","Zarko Cabarkapa","","2003"
"18","NOH","David West","Xavier University","2003"
"19","UTA","Sasha Pavlovic","","2003"
"20","BOS","Dahntay Jones","Duke University","2003"
"21","ATL","Boris Diaw","","2003"
"22","NJN","Zoran Planinic","","2003"
"23","POR","Travis Outlaw","","2003"
"24","LAL","Brian Cook","University of Illinois at Urbana-Champaign","2003"
"25","DET","Carlos Delfino","","2003"
"26","MIN","Ndudi Ebi","","2003"
"27","MEM","Kendrick Perkins","","2003"
"28","SAS","Leandro Barbosa","","2003"
"29","DAL","Josh Howard","Wake Forest University","2003"
"30","NYK","Maciej Lampe","","2003"
"31","CLE","Jason Kapono","University of California, Los Angeles","2003"
"32","LAL","Luke Walton","University of Arizona","2003"
"33","MIA","Jerome Beasley","University of North Dakota","2003"
"34","LAC","Sofoklis Schortsanitis","","2003"
"35","MIL","Szymon Szewczyk","","2003"
"36","CHI","Mario Austin","Mississippi State University","2003"
"37","ATL","Travis Hansen","Brigham Young University","2003"
"38","WAS","Steve Blake","University of Maryland","2003"
"39","NYK","Slavko Vranes","","2003"
"40","GSW","Derrick Zimmerman","Mississippi State University","2003"
"41","SEA","Willie Green","University of Detroit Mercy","2003"
"42","ORL","Zaza Pachulia","","2003"
"43","MIL","Keith Bogans","University of Kentucky","2003"
"44","HOU","Malick Badiane","","2003"
"45","CHI","Matt Bonner","University of Florida","2003"
"46","DEN","Sani Becirovic","","2003"
"47","UTA","Mo Williams","University of Alabama","2003"
"48","NOH","James Lang","","2003"
"49","IND","James Jones","University of Miami","2003"
"50","PHI","Paccelis Morlende","","2003"
"51","NJN","Kyle Korver","Creighton University","2003"
"52","TOR","Remon Van de Hare","","2003"
"53","CHI","Tommy Smith","Arizona State University","2003"
"54","POR","Nedzad Sinanovic","","2003"
"55","MIN","Rick Rickert","University of Minnesota","2003"
"56","BOS","Brandon Hunter","Ohio University","2003"
"57","DAL","Xue Yuyang","","2003"
"58","DET","Andreas Glyniadakis","","2003"
"1","ORL","Dwight Howard","","2004"
"2","CHA","Emeka Okafor","University of Connecticut","2004"
"3","CHI","Ben Gordon","University of Connecticut","2004"
"4","LAC","Shaun Livingston","","2004"
"5","WAS","Devin Harris","University of Wisconsin","2004"
"6","ATL","Josh Childress","Stanford University","2004"
"7","PHO","Luol Deng","Duke University","2004"
"8","TOR","Rafael Araujo","Brigham Young University","2004"
"9","PHI","Andre Iguodala","University of Arizona","2004"
"10","CLE","Luke Jackson","University of Oregon","2004"
"11","GSW","Andris Biedrins","","2004"
"12","SEA","Robert Swift","","2004"
"13","POR","Sebastian Telfair","","2004"
"14","UTA","Kris Humphries","University of Minnesota","2004"
"15","BOS","Al Jefferson","","2004"
"16","UTA","Kirk Snyder","University of Nevada, Reno","2004"
"17","ATL","Josh Smith","","2004"
"18","NOH","J.R. Smith","","2004"
"19","MIA","Dorell Wright","","2004"
"20","DEN","Jameer Nelson","Saint Joseph's University","2004"
"21","UTA","Pavel Podkolzin","","2004"
"22","NJN","Viktor Khryapa","","2004"
"23","POR","Sergei Monia","","2004"
"24","BOS","Delonte West","Saint Joseph's University","2004"
"25","BOS","Tony Allen","Oklahoma State University","2004"
"26","SAC","Kevin Martin","Western Carolina University","2004"
"27","LAL","Sasha Vujacic","","2004"
"28","SAS","Beno Udrih","","2004"
"29","IND","David Harrison","University of Colorado","2004"
"30","ORL","Anderson Varejao","","2004"
"31","CHI","Jackson Vroman","Iowa State University","2004"
"32","WAS","Peter John Ramos","","2004"
"33","LAC","Lionel Chalmers","Xavier University","2004"
"34","ATL","Donta Smith","Southeastern Illinois College","2004"
"35","SEA","Andre Emmett","Texas Tech University","2004"
"36","ORL","Antonio Burks","University of Memphis","2004"
"37","ATL","Royal Ivey","University of Texas at Austin","2004"
"38","CHI","Chris Duhon","Duke University","2004"
"39","TOR","Albert Miralles","","2004"
"40","BOS","Justin Reed","University of Mississippi","2004"
"41","SEA","David Young","North Carolina Central University","2004"
"42","ATL","Viktor Sanikidze","","2004"
"43","NYK","Trevor Ariza","University of California, Los Angeles","2004"
"44","NOH","Tim Pickett","Florida State University","2004"
"45","CHA","Bernard Robinson","University of Michigan","2004"
"46","POR","Ha Seung-Jin","","2004"
"47","MIA","Pape Sow","California State University, Fullerton","2004"
"48","SAC","Ricky Minard","Morehead State University","2004"
"49","MEM","Sergei Lishouk","","2004"
"50","DAL","Vassilis Spanoulis","","2004"
"51","NJN","Christian Drejer","University of Florida","2004"
"52","SAS","Romain Sato","Xavier University","2004"
"53","MIA","Matt Freije","Vanderbilt University","2004"
"54","DET","Rickey Paulding","University of Missouri","2004"
"55","HOU","Luis Flores","Manhattan College","2004"
"56","LAL","Marcus Douthit","Providence College","2004"
"57","SAS","Sergei Karaulov","","2004"
"58","MIN","Blake Stepp","Gonzaga University","2004"
"59","IND","Rashad Wright","University of Georgia","2004"
"1","MIL","Andrew Bogut","University of Utah","2005"
"2","ATL","Marvin Williams","University of North Carolina","2005"
"3","UTA","Deron Williams","University of Illinois at Urbana-Champaign","2005"
"4","NOH","Chris Paul","Wake Forest University","2005"
"5","CHA","Raymond Felton","University of North Carolina","2005"
"6","POR","Martell Webster","","2005"
"7","TOR","Charlie Villanueva","University of Connecticut","2005"
"8","NYK","Channing Frye","University of Arizona","2005"
"9","GSW","Ike Diogu","Arizona State University","2005"
"10","LAL","Andrew Bynum","","2005"
"11","ORL","Fran Vazquez","","2005"
"12","LAC","Yaroslav Korolev","","2005"
"13","CHA","Sean May","University of North Carolina","2005"
"14","MIN","Rashad McCants","University of North Carolina","2005"
"15","NJN","Antoine Wright","Texas A&M University","2005"
"16","TOR","Joey Graham","Oklahoma State University","2005"
"17","IND","Danny Granger","University of New Mexico","2005"
"18","BOS","Gerald Green","","2005"
"19","MEM","Hakim Warrick","Syracuse University","2005"
"20","DEN","Julius Hodge","North Carolina State University","2005"
"21","PHO","Nate Robinson","University of Washington","2005"
"22","DEN","Jarrett Jack","Georgia Institute of Technology","2005"
"23","SAC","Francisco Garcia","University of Louisville","2005"
"24","HOU","Luther Head","University of Illinois at Urbana-Champaign","2005"
"25","SEA","Johan Petro","","2005"
"26","DET","Jason Maxiell","University of Cincinnati","2005"
"27","POR","Linas Kleiza","University of Missouri","2005"
"28","SAS","Ian Mahinmi","","2005"
"29","MIA","Wayne Simien","University of Kansas","2005"
"30","NYK","David Lee","University of Florida","2005"
"31","ATL","Salim Stoudamire","University of Arizona","2005"
"32","LAC","Daniel Ewing","Duke University","2005"
"33","NOH","Brandon Bass","Louisiana State University","2005"
"34","UTA","C.J. Miles","","2005"
"35","POR","Ricky Sanchez","","2005"
"36","MIL","Ersan Ilyasova","","2005"
"37","LAL","Ronny Turiaf","Gonzaga University","2005"
"38","ORL","Travis Diener","Marquette University","2005"
"39","LAL","Von Wafer","Florida State University","2005"
"40","GSW","Monta Ellis","","2005"
"41","TOR","Roko Ukic","","2005"
"42","GSW","Chris Taft","University of Pittsburgh","2005"
"43","NJN","Mile Ilic","","2005"
"44","ORL","Martynas Andriuskevicius","","2005"
"45","PHI","Louis Williams","","2005"
"46","IND","Erazem Lorbek","","2005"
"47","MIN","Bracey Wright","Indiana University","2005"
"48","SEA","Mickael Gelabale","","2005"
"49","WAS","Andray Blatche","","2005"
"50","BOS","Ryan Gomes","Providence College","2005"
"51","UTA","Robert Whaley","Walsh University","2005"
"52","DEN","Axel Hervelle","","2005"
"53","BOS","Orien Greene","University of Louisiana at Lafayette","2005"
"54","NYK","Dijon Thompson","University of California, Los Angeles","2005"
"55","SEA","Lawrence Roberts","Mississippi State University","2005"
"56","DET","Amir Johnson","","2005"
"57","PHO","Marcin Gortat","","2005"
"58","TOR","Uros Slokar","","2005"
"59","ATL","Cenk Akyol","","2005"
"60","DET","Alex Acker","Pepperdine University","2005"
"1","TOR","Andrea Bargnani","","2006"
"2","CHI","LaMarcus Aldridge","University of Texas at Austin","2006"
"3","CHA","Adam Morrison","Gonzaga University","2006"
"4","POR","Tyrus Thomas","Louisiana State University","2006"
"5","ATL","Shelden Williams","Duke University","2006"
"6","MIN","Brandon Roy","University of Washington","2006"
"7","BOS","Randy Foye","Villanova University","2006"
"8","HOU","Rudy Gay","University of Connecticut","2006"
"9","GSW","Patrick O'Bryant","Bradley University","2006"
"10","SEA","Mouhamed Sene","","2006"
"11","ORL","J.J. Redick","Duke University","2006"
"12","NOK","Hilton Armstrong","University of Connecticut","2006"
"13","PHI","Thabo Sefolosha","","2006"
"14","UTA","Ronnie Brewer","University of Arkansas","2006"
"15","NOK","Cedric Simmons","North Carolina State University","2006"
"16","CHI","Rodney Carney","University of Memphis","2006"
"17","IND","Shawne Williams","University of Memphis","2006"
"18","WAS","Oleksiy Pecherov","","2006"
"19","SAC","Quincy Douby","Rutgers University","2006"
"20","NYK","Renaldo Balkman","University of South Carolina","2006"
"21","PHO","Rajon Rondo","University of Kentucky","2006"
"22","NJN","Marcus Williams","University of Connecticut","2006"
"23","NJN","Josh Boone","University of Connecticut","2006"
"24","MEM","Kyle Lowry","Villanova University","2006"
"25","CLE","Shannon Brown","Michigan State University","2006"
"26","LAL","Jordan Farmar","University of California, Los Angeles","2006"
"27","PHO","Sergio Rodriguez","","2006"
"28","DAL","Maurice Ager","Michigan State University","2006"
"29","NYK","Mardy Collins","Temple University","2006"
"30","POR","Joel Freeland","","2006"
"31","POR","James White","University of Cincinnati","2006"
"32","HOU","Steve Novak","Marquette University","2006"
"33","ATL","Solomon Jones","University of South Florida","2006"
"34","LAC","Paul Davis","Michigan State University","2006"
"35","TOR","P.J. Tucker","University of Texas at Austin","2006"
"36","MIN","Craig Smith","Boston College","2006"
"37","MIN","Bobby Jones","University of Washington","2006"
"38","GSW","Kosta Perovic","","2006"
"39","MIL","David Noel","University of North Carolina","2006"
"40","SEA","Denham Brown","University of Connecticut","2006"
"41","ORL","James Augustine","University of Illinois at Urbana-Champaign","2006"
"42","CLE","Daniel Gibson","University of Texas at Austin","2006"
"43","NOK","Marcus Vinicius","","2006"
"44","ORL","Lior Eliyahu","","2006"
"45","IND","Alexander Johnson","Florida State University","2006"
"46","UTA","Dee Brown","University of Illinois at Urbana-Champaign","2006"
"47","UTA","Paul Millsap","Louisiana Tech University","2006"
"48","WAS","Vladimir Veremeenko","","2006"
"49","DEN","Leon Powe","University of California","2006"
"50","CHA","Ryan Hollins","University of California, Los Angeles","2006"
"51","LAL","Cheikh Samb","","2006"
"52","LAC","Guillermo Diaz","University of Miami","2006"
"53","SEA","Yotam Halperin","","2006"
"54","NJN","Hassan Adams","University of Arizona","2006"
"55","CLE","Ejike Ugboaja","","2006"
"56","TOR","Edin Bavcic","","2006"
"57","MIN","Loukas Mavrokefalidis","","2006"
"58","DAL","J.R. Pinnock","George Washington University","2006"
"59","SAS","Damir Markota","","2006"
"60","DET","Will Blalock","Iowa State University","2006"
"1","POR","Greg Oden","Ohio State University","2007"
"2","SEA","Kevin Durant","University of Texas at Austin","2007"
"3","ATL","Al Horford","University of Florida","2007"
"4","MEM","Mike Conley","Ohio State University","2007"
"5","BOS","Jeff Green","Georgetown University","2007"
"6","MIL","Yi Jianlian","","2007"
"7","MIN","Corey Brewer","University of Florida","2007"
"8","CHA","Brandan Wright","University of North Carolina","2007"
"9","CHI","Joakim Noah","University of Florida","2007"
"10","SAC","Spencer Hawes","University of Washington","2007"
"11","ATL","Acie Law","Texas A&M University","2007"
"12","PHI","Thaddeus Young","Georgia Institute of Technology","2007"
"13","NOK","Julian Wright","University of Kansas","2007"
"14","LAC","Al Thornton","Florida State University","2007"
"15","DET","Rodney Stuckey","Eastern Washington University","2007"
"16","WAS","Nick Young","University of Southern California","2007"
"17","NJN","Sean Williams","Boston College","2007"
"18","GSW","Marco Belinelli","","2007"
"19","LAL","Javaris Crittenton","Georgia Institute of Technology","2007"
"20","MIA","Jason Smith","Colorado State University","2007"
"21","PHI","Daequan Cook","Ohio State University","2007"
"22","CHA","Jared Dudley","Boston College","2007"
"23","NYK","Wilson Chandler","DePaul University","2007"
"24","PHO","Rudy Fernandez","","2007"
"25","UTA","Morris Almond","Rice University","2007"
"26","HOU","Aaron Brooks","University of Oregon","2007"
"27","DET","Arron Afflalo","University of California, Los Angeles","2007"
"28","SAS","Tiago Splitter","","2007"
"29","PHO","Alando Tucker","University of Wisconsin","2007"
"30","PHI","Petteri Koponen","","2007"
"31","SEA","Carl Landry","Purdue University","2007"
"32","BOS","Gabe Pruitt","University of Southern California","2007"
"33","SAS","Marcus Williams","University of Arizona","2007"
"34","DAL","Nick Fazekas","University of Nevada, Reno","2007"
"35","SEA","Glen Davis","Louisiana State University","2007"
"36","GSW","Jermareo Davidson","University of Alabama","2007"
"37","POR","Josh McRoberts","Duke University","2007"
"38","PHI","Kyrylo Fesenko","","2007"
"39","MIA","Stanko Barac","","2007"
"40","LAL","Sun Yue","","2007"
"41","MIN","Chris Richard","University of Florida","2007"
"42","POR","Derrick Byars","Vanderbilt University","2007"
"43","NOK","Adam Haluska","University of Iowa","2007"
"44","ORL","Reyshawn Terry","University of North Carolina","2007"
"45","LAC","Jared Jordan","Marist College","2007"
"46","GSW","Stephane Lasme","University of Massachusetts Amherst","2007"
"47","WAS","Dominic McGuire","California State University, Fresno","2007"
"48","LAL","Marc Gasol","","2007"
"49","CHI","Aaron Gray","University of Pittsburgh","2007"
"50","DAL","Renaldas Seibutis","","2007"
"51","CHI","JamesOn Curry","Oklahoma State University","2007"
"52","POR","Taurean Green","University of Florida","2007"
"53","POR","Demetris Nichols","Syracuse University","2007"
"54","HOU","Brad Newley","","2007"
"55","UTA","Herbert Hill","Providence College","2007"
"56","MIL","Ramon Sessions","University of Nevada, Reno","2007"
"57","DET","Sammy Mejia","DePaul University","2007"
"58","SAS","Giorgos Printezis","","2007"
"59","PHO","D.J. Strawberry","University of Maryland","2007"
"60","DAL","Milovan Rakovic","","2007"
"1","CHI","Derrick Rose","University of Memphis","2008"
"2","MIA","Michael Beasley","Kansas State University","2008"
"3","MIN","O.J. Mayo","University of Southern California","2008"
"4","SEA","Russell Westbrook","University of California, Los Angeles","2008"
"5","MEM","Kevin Love","University of California, Los Angeles","2008"
"6","NYK","Danilo Gallinari","","2008"
"7","LAC","Eric Gordon","Indiana University","2008"
"8","MIL","Joe Alexander","West Virginia University","2008"
"9","CHA","D.J. Augustin","University of Texas at Austin","2008"
"10","NJN","Brook Lopez","Stanford University","2008"
"11","IND","Jerryd Bayless","University of Arizona","2008"
"12","SAC","Jason Thompson","Rider University","2008"
"13","POR","Brandon Rush","University of Kansas","2008"
"14","GSW","Anthony Randolph","Louisiana State University","2008"
"15","PHO","Robin Lopez","Stanford University","2008"
"16","PHI","Marreese Speights","University of Florida","2008"
"17","TOR","Roy Hibbert","Georgetown University","2008"
"18","WAS","JaVale McGee","University of Nevada, Reno","2008"
"19","CLE","J.J. Hickson","North Carolina State University","2008"
"20","CHA","Alexis Ajinca","","2008"
"21","NJN","Ryan Anderson","University of California","2008"
"22","ORL","Courtney Lee","Western Kentucky University","2008"
"23","UTA","Kosta Koufos","Ohio State University","2008"
"24","SEA","Serge Ibaka","","2008"
"25","HOU","Nicolas Batum","","2008"
"26","SAS","George Hill","Indiana University-Purdue University Indianapolis","2008"
"27","NOH","Darrell Arthur","University of Kansas","2008"
"28","MEM","Donte Greene","Syracuse University","2008"
"29","DET","D.J. White","Indiana University","2008"
"30","BOS","J.R. Giddens","University of New Mexico","2008"
"31","MIN","Nikola Pekovic","","2008"
"32","SEA","Walter Sharpe","University of Alabama at Birmingham","2008"
"33","POR","Joey Dorsey","University of Memphis","2008"
"34","MIN","Mario Chalmers","University of Kansas","2008"
"35","LAC","DeAndre Jordan","Texas A&M University","2008"
"36","POR","Omer Asik","","2008"
"37","MIL","Luc Mbah a Moute","University of California, Los Angeles","2008"
"38","CHA","Kyle Weaver","Washington State University","2008"
"39","CHI","Sonny Weems","University of Arkansas","2008"
"40","NJN","Chris Douglas-Roberts","University of Memphis","2008"
"41","IND","Nathan Jawai","","2008"
"42","SAC","Sean Singletary","University of Virginia","2008"
"43","SAC","Patrick Ewing","Georgetown University","2008"
"44","UTA","Ante Tomic","","2008"
"45","SAS","Goran Dragic","","2008"
"46","SEA","Trent Plaisted","Brigham Young University Hawaii","2008"
"47","WAS","Bill Walker","Kansas State University","2008"
"48","PHO","Malik Hairston","University of Oregon","2008"
"49","GSW","Richard Hendrix","University of Alabama","2008"
"50","SEA","DeVon Hardin","University of California","2008"
"51","DAL","Shan Foster","Vanderbilt University","2008"
"52","MIA","Darnell Jackson","University of Kansas","2008"
"53","UTA","Tadija Dragicevic","","2008"
"54","HOU","Maarty Leunen","University of Oregon","2008"
"55","POR","Mike Taylor","Iowa State University","2008"
"56","SEA","Sasha Kaun","University of Kansas","2008"
"57","SAS","James Gist","University of Maryland","2008"
"58","LAL","Joe Crawford","University of Kentucky","2008"
"59","DET","Deron Washington","Virginia Polytechnic Institute and State University","2008"
"60","BOS","Semih Erden","","2008"
"1","LAC","Blake Griffin","University of Oklahoma","2009"
"2","MEM","Hasheem Thabeet","University of Connecticut","2009"
"3","OKC","James Harden","Arizona State University","2009"
"4","SAC","Tyreke Evans","University of Memphis","2009"
"5","MIN","Ricky Rubio","","2009"
"6","MIN","Jonny Flynn","Syracuse University","2009"
"7","GSW","Stephen Curry","Davidson College","2009"
"8","NYK","Jordan Hill","University of Arizona","2009"
"9","TOR","DeMar DeRozan","University of Southern California","2009"
"10","MIL","Brandon Jennings","","2009"
"11","NJN","Terrence Williams","University of Louisville","2009"
"12","CHA","Gerald Henderson","Duke University","2009"
"13","IND","Tyler Hansbrough","University of North Carolina","2009"
"14","PHO","Earl Clark","University of Louisville","2009"
"15","DET","Austin Daye","Gonzaga University","2009"
"16","CHI","James Johnson","Wake Forest University","2009"
"17","PHI","Jrue Holiday","University of California, Los Angeles","2009"
"18","MIN","Ty Lawson","University of North Carolina","2009"
"19","ATL","Jeff Teague","Wake Forest University","2009"
"20","UTA","Eric Maynor","Virginia Commonwealth University","2009"
"21","NOH","Darren Collison","University of California, Los Angeles","2009"
"22","POR","Victor Claver","","2009"
"23","SAC","Omri Casspi","","2009"
"24","DAL","Byron Mullens","Ohio State University","2009"
"25","OKC","Rodrigue Beaubois","","2009"
"26","CHI","Taj Gibson","University of Southern California","2009"
"27","MEM","DeMarre Carroll","University of Missouri","2009"
"28","MIN","Wayne Ellington","University of North Carolina","2009"
"29","LAL","Toney Douglas","Florida State University","2009"
"30","CLE","Christian Eyenga","","2009"
"31","SAC","Jeff Pendergraph","Arizona State University","2009"
"32","WAS","Jermaine Taylor","University of Central Florida","2009"
"33","POR","Dante Cunningham","Villanova University","2009"
"34","DEN","Sergio Llull","","2009"
"35","DET","DaJuan Summers","Georgetown University","2009"
"36","MEM","Sam Young","University of Pittsburgh","2009"
"37","SAS","DeJuan Blair","University of Pittsburgh","2009"
"38","POR","Jon Brockman","University of Washington","2009"
"39","DET","Jonas Jerebko","","2009"
"40","CHA","Derrick Brown","Xavier University","2009"
"41","MIL","Jodie Meeks","University of Kentucky","2009"
"42","LAL","Patrick Beverley","University of Arkansas","2009"
"43","MIA","Marcus Thornton","Louisiana State University","2009"
"44","DET","Chase Budinger","University of Arizona","2009"
"45","MIN","Nick Calathes","University of Florida","2009"
"46","CLE","Danny Green","University of North Carolina","2009"
"47","MIN","Henk Norel","","2009"
"48","PHO","Taylor Griffin","University of Oklahoma","2009"
"49","ATL","Sergiy Gladyr","","2009"
"50","UTA","Goran Suton","Michigan State University","2009"
"51","SAS","Jack McClinton","University of Miami","2009"
"52","IND","A.J. Price","University of Connecticut","2009"
"53","SAS","Nando De Colo","","2009"
"54","CHA","Robert Vaden","University of Alabama at Birmingham","2009"
"55","POR","Patrick Mills","Saint Mary's College of California","2009"
"56","DAL","Ahmad Nivins","Saint Joseph's University","2009"
"57","PHO","Emir Preldzic","","2009"
"58","BOS","Lester Hudson","University of Tennessee at Martin","2009"
"59","LAL","Chinemelu Elonu","Texas A&M University","2009"
"60","MIA","Robert Dozier","University of Memphis","2009"
"1","WAS","John Wall","University of Kentucky","2010"
"2","PHI","Evan Turner","Ohio State University","2010"
"3","NJN","Derrick Favors","Georgia Institute of Technology","2010"
"4","MIN","Wesley Johnson","Syracuse University","2010"
"5","SAC","DeMarcus Cousins","University of Kentucky","2010"
"6","GSW","Ekpe Udoh","Baylor University","2010"
"7","DET","Greg Monroe","Georgetown University","2010"
"8","LAC","Al-Farouq Aminu","Wake Forest University","2010"
"9","UTA","Gordon Hayward","Butler University","2010"
"10","IND","Paul George","California State University, Fresno","2010"
"11","NOH","Cole Aldrich","University of Kansas","2010"
"12","MEM","Xavier Henry","University of Kansas","2010"
"13","TOR","Ed Davis","University of North Carolina","2010"
"14","HOU","Patrick Patterson","University of Kentucky","2010"
"15","MIL","Larry Sanders","Virginia Commonwealth University","2010"
"16","MIN","Luke Babbitt","University of Nevada, Reno","2010"
"17","CHI","Kevin Seraphin","","2010"
"18","OKC","Eric Bledsoe","University of Kentucky","2010"
"19","BOS","Avery Bradley","University of Texas at Austin","2010"
"20","SAS","James Anderson","Oklahoma State University","2010"
"21","OKC","Craig Brackins","Iowa State University","2010"
"22","POR","Elliot Williams","University of Memphis","2010"
"23","MIN","Trevor Booker","Clemson University","2010"
"24","ATL","Damion James","University of Texas at Austin","2010"
"25","MEM","Dominique Jones","University of South Florida","2010"
"26","OKC","Quincy Pondexter","University of Washington","2010"
"27","NJN","Jordan Crawford","Xavier University","2010"
"28","MEM","Greivis Vasquez","University of Maryland","2010"
"29","ORL","Daniel Orton","University of Kentucky","2010"
"30","WAS","Lazar Hayward","Marquette University","2010"
"31","NJN","Tibor Pleiss","","2010"
"32","MIA","Dexter Pittman","University of Texas at Austin","2010"
"33","SAC","Hassan Whiteside","Marshall University","2010"
"34","POR","Armon Johnson","University of Nevada, Reno","2010"
"35","WAS","Nemanja Bjelica","","2010"
"36","DET","Terrico White","University of Mississippi","2010"
"37","MIL","Darington Hobson","University of New Mexico","2010"
"38","NYK","Andy Rautins","Syracuse University","2010"
"39","NYK","Landry Fields","Stanford University","2010"
"40","IND","Lance Stephenson","University of Cincinnati","2010"
"41","MIA","Jarvis Varnado","Mississippi State University","2010"
"42","MIA","Da'Sean Butler","West Virginia University","2010"
"43","LAL","Devin Ebanks","West Virginia University","2010"
"44","MIL","Jerome Jordan","University of Tulsa","2010"
"45","MIN","Paulao Prestes","","2010"
"46","PHO","Gani Lawal","Georgia Institute of Technology","2010"
"47","MIL","Tiny Gallon","University of Oklahoma","2010"
"48","MIA","Latavious Williams","","2010"
"49","SAS","Ryan Richards","","2010"
"50","DAL","Solomon Alabi","Florida State University","2010"
"51","OKC","Magnum Rolle","Louisiana Tech University","2010"
"52","BOS","Luke Harangody","University of Notre Dame","2010"
"53","ATL","Pape Sy","","2010"
"54","LAC","Willie Warren","University of Oklahoma","2010"
"55","UTA","Jeremy Evans","Western Kentucky University","2010"
"56","MIN","Hamady N'Diaye","Rutgers University","2010"
"57","IND","Ryan Reid","Florida State University","2010"
"58","LAL","Derrick Caracter","University of Texas at El Paso","2010"
"59","ORL","Stanley Robinson","University of Connecticut","2010"
"60","PHO","Dwayne Collins","University of Miami","2010"
"1","CLE","Kyrie Irving","Duke University","2011"
"2","MIN","Derrick Williams","University of Arizona","2011"
"3","UTA","Enes Kanter","","2011"
"4","CLE","Tristan Thompson","University of Texas at Austin","2011"
"5","TOR","Jonas Valanciunas","","2011"
"6","WAS","Jan Vesely","","2011"
"7","SAC","Bismack Biyombo","","2011"
"8","DET","Brandon Knight","University of Kentucky","2011"
"9","CHA","Kemba Walker","University of Connecticut","2011"
"10","MIL","Jimmer Fredette","Brigham Young University","2011"
"11","GSW","Klay Thompson","Washington State University","2011"
"12","UTA","Alec Burks","University of Colorado","2011"
"13","PHO","Markieff Morris","University of Kansas","2011"
"14","HOU","Marcus Morris","University of Kansas","2011"
"15","IND","Kawhi Leonard","San Diego State University","2011"
"16","PHI","Nikola Vucevic","University of Southern California","2011"
"17","NYK","Iman Shumpert","Georgia Institute of Technology","2011"
"18","WAS","Chris Singleton","Florida State University","2011"
"19","CHA","Tobias Harris","University of Tennessee","2011"
"20","MIN","Donatas Motiejunas","","2011"
"21","POR","Nolan Smith","Duke University","2011"
"22","DEN","Kenneth Faried","Morehead State University","2011"
"23","HOU","Nikola Mirotic","","2011"
"24","OKC","Reggie Jackson","Boston College","2011"
"25","BOS","MarShon Brooks","Providence College","2011"
"26","DAL","Jordan Hamilton","University of Texas at Austin","2011"
"27","NJN","JaJuan Johnson","Purdue University","2011"
"28","CHI","Norris Cole","Cleveland State University","2011"
"29","SAS","Cory Joseph","University of Texas at Austin","2011"
"30","CHI","Jimmy Butler","Marquette University","2011"
"31","MIA","Bojan Bogdanovic","","2011"
"32","CLE","Justin Harper","University of Richmond","2011"
"33","DET","Kyle Singler","Duke University","2011"
"34","WAS","Shelvin Mack","Butler University","2011"
"35","SAC","Tyler Honeycutt","University of California, Los Angeles","2011"
"36","NJN","Jordan Williams","University of Maryland","2011"
"37","LAC","Trey Thompkins","University of Georgia","2011"
"38","HOU","Chandler Parsons","University of Florida","2011"
"39","CHA","Jeremy Tyler","","2011"
"40","MIL","Jon Leuer","University of Wisconsin","2011"
"41","LAL","Darius Morris","University of Michigan","2011"
"42","IND","Davis Bertans","","2011"
"43","CHI","Malcolm Lee","University of California, Los Angeles","2011"
"44","GSW","Charles Jenkins","Hofstra University","2011"
"45","NOH","Josh Harrellson","University of Kentucky","2011"
"46","LAL","Andrew Goudelock","College of Charleston","2011"
"47","LAC","Travis Leslie","University of Georgia","2011"
"48","ATL","Keith Benson","Oakland University","2011"
"49","MEM","Josh Selby","University of Kansas","2011"
"50","PHI","Lavoy Allen","Temple University","2011"
"51","POR","Jon Diebler","Ohio State University","2011"
"52","DET","Vernon Macklin","University of Florida","2011"
"53","ORL","DeAndre Liggins","University of Kentucky","2011"
"54","CLE","Milan Macvan","","2011"
"55","BOS","E'Twaun Moore","Purdue University","2011"
"56","LAL","Chukwudiebere Maduabum","","2011"
"57","DAL","Targuy Ngombo","","2011"
"58","LAL","Ater Majok","","2011"
"59","SAS","Adam Hanga","","2011"
"60","SAC","Isaiah Thomas","University of Washington","2011"
"1","NOH","Anthony Davis","University of Kentucky","2012"
"2","CHA","Michael Kidd-Gilchrist","University of Kentucky","2012"
"3","WAS","Bradley Beal","University of Florida","2012"
"4","CLE","Dion Waiters","Syracuse University","2012"
"5","SAC","Thomas Robinson","University of Kansas","2012"
"6","POR","Damian Lillard","Weber State University","2012"
"7","GSW","Harrison Barnes","University of North Carolina","2012"
"8","TOR","Terrence Ross","University of Washington","2012"
"9","DET","Andre Drummond","University of Connecticut","2012"
"10","NOH","Austin Rivers","Duke University","2012"
"11","POR","Meyers Leonard","University of Illinois at Urbana-Champaign","2012"
"12","HOU","Jeremy Lamb","University of Connecticut","2012"
"13","PHO","Kendall Marshall","University of North Carolina","2012"
"14","MIL","John Henson","University of North Carolina","2012"
"15","PHI","Maurice Harkless","St. John's University","2012"
"16","HOU","Royce White","Iowa State University","2012"
"17","DAL","Tyler Zeller","University of North Carolina","2012"
"18","HOU","Terrence Jones","University of Kentucky","2012"
"19","ORL","Andrew Nicholson","St. Bonaventure University","2012"
"20","DEN","Evan Fournier","","2012"
"21","BOS","Jared Sullinger","Ohio State University","2012"
"22","BOS","Fab Melo","Syracuse University","2012"
"23","ATL","John Jenkins","Vanderbilt University","2012"
"24","CLE","Jared Cunningham","Oregon State University","2012"
"25","MEM","Tony Wroten","University of Washington","2012"
"26","IND","Miles Plumlee","Duke University","2012"
"27","MIA","Arnett Moultrie","Mississippi State University","2012"
"28","OKC","Perry Jones","Baylor University","2012"
"29","CHI","Marquis Teague","University of Kentucky","2012"
"30","GSW","Festus Ezeli","Vanderbilt University","2012"
"31","CHA","Jeff Taylor","Vanderbilt University","2012"
"32","WAS","Tomas Satoransky","","2012"
"33","CLE","Bernard James","Florida State University","2012"
"34","CLE","Jae Crowder","Marquette University","2012"
"35","GSW","Draymond Green","Michigan State University","2012"
"36","SAC","Orlando Johnson","University of California, Santa Barbara","2012"
"37","TOR","Quincy Acy","Baylor University","2012"
"38","DEN","Quincy Miller","Baylor University","2012"
"39","DET","Khris Middleton","Texas A&M University","2012"
"40","POR","Will Barton","University of Memphis","2012"
"41","POR","Tyshawn Taylor","University of Kansas","2012"
"42","MIL","Doron Lamb","University of Kentucky","2012"
"43","ATL","Mike Scott","University of Virginia","2012"
"44","DET","Kim English","University of Missouri","2012"
"45","PHI","Justin Hamilton","Louisiana State University","2012"
"46","NOH","Darius Miller","University of Kentucky","2012"
"47","UTA","Kevin Murphy","Tennessee Technological University","2012"
"48","NYK","Kostas Papanikolaou","","2012"
"49","ORL","Kyle O'Quinn","Norfolk State University","2012"
"50","DEN","Izzet Turkyilmaz","","2012"
"51","BOS","Kris Joseph","Syracuse University","2012"
"52","GSW","Ognjen Kuzmic","","2012"
"53","LAC","Furkan Aldemir","","2012"
"54","PHI","Tornike Shengelia","","2012"
"55","DAL","Darius Johnson-Odom","Marquette University","2012"
"56","TOR","Tomislav Zubcic","","2012"
"57","NJN","Ilkan Karaman","","2012"
"58","MIN","Robbie Hummel","Purdue University","2012"
"59","SAS","Marcus Denmon","University of Missouri","2012"
"60","LAL","Robert Sacre","Gonzaga University","2012"
"1","CLE","Anthony Bennett","University of Nevada, Las Vegas","2013"
"2","ORL","Victor Oladipo","Indiana University","2013"
"3","WAS","Otto Porter","Georgetown University","2013"
"4","CHA","Cody Zeller","Indiana University","2013"
"5","PHO","Alex Len","University of Maryland","2013"
"6","NOH","Nerlens Noel","University of Kentucky","2013"
"7","SAC","Ben McLemore","University of Kansas","2013"
"8","DET","Kentavious Caldwell-Pope","University of Georgia","2013"
"9","MIN","Trey Burke","University of Michigan","2013"
"10","POR","C.J. McCollum","Lehigh University","2013"
"11","PHI","Michael Carter-Williams","Syracuse University","2013"
"12","OKC","Steven Adams","University of Pittsburgh","2013"
"13","DAL","Kelly Olynyk","Gonzaga University","2013"
"14","UTA","Shabazz Muhammad","University of California, Los Angeles","2013"
"15","MIL","Giannis Antetokounmpo","","2013"
"16","BOS","Lucas Nogueira","","2013"
"17","ATL","Dennis Schroder","","2013"
"18","ATL","Shane Larkin","University of Miami","2013"
"19","CLE","Sergey Karasev","","2013"
"20","CHI","Tony Snell","University of New Mexico","2013"
"21","UTA","Gorgui Dieng","University of Louisville","2013"
"22","BRK","Mason Plumlee","Duke University","2013"
"23","IND","Solomon Hill","University of Arizona","2013"
"24","NYK","Tim Hardaway","University of Michigan","2013"
"25","LAC","Reggie Bullock","University of North Carolina","2013"
"26","MIN","Andre Roberson","University of Colorado","2013"
"27","DEN","Rudy Gobert","","2013"
"28","SAS","Livio Jean-Charles","","2013"
"29","OKC","Archie Goodwin","University of Kentucky","2013"
"30","PHO","Nemanja Nedovic","","2013"
"31","CLE","Allen Crabbe","University of California","2013"
"32","OKC","Alex Abrines","","2013"
"33","CLE","Carrick Felix","Arizona State University","2013"
"34","HOU","Isaiah Canaan","Murray State University","2013"
"35","PHI","Glen Rice","Georgia Institute of Technology","2013"
"36","SAC","Ray McCallum","University of Detroit Mercy","2013"
"37","DET","Tony Mitchell","University of North Texas","2013"
"38","WAS","Nate Wolters","South Dakota State University","2013"
"39","POR","Jeff Withey","University of Kansas","2013"
"40","POR","Grant Jerrett","University of Arizona","2013"
"41","MEM","Jamaal Franklin","San Diego State University","2013"
"42","PHI","Pierre Jackson","Baylor University","2013"
"43","MIL","Ricky Ledo","Providence College","2013"
"44","DAL","Mike Muscala","Bucknell University","2013"
"45","POR","Marko Todorovic","","2013"
"46","UTA","Erick Green","Virginia Polytechnic Institute and State University","2013"
"47","ATL","Raul Neto","","2013"
"48","LAL","Ryan Kelly","Duke University","2013"
"49","CHI","Erik Murphy","University of Florida","2013"
"50","ATL","James Ennis","California State University, Long Beach","2013"
"51","ORL","Romero Osby","University of Oklahoma","2013"
"52","MIN","Lorenzo Brown","North Carolina State University","2013"
"53","IND","Colton Iverson","Colorado State University","2013"
"54","WAS","Arsalan Kazemi","University of Oregon","2013"
"55","MEM","Joffrey Lauvergne","","2013"
"56","DET","Peyton Siva","University of Louisville","2013"
"57","PHO","Alex Oriakhi","University of Missouri","2013"
"58","SAS","Deshaun Thomas","Ohio State University","2013"
"59","MIN","Bojan Dubljevic","","2013"
"60","MEM","Janis Timma","","2013"
"1","CLE","Andrew Wiggins","University of Kansas","2014"
"2","MIL","Jabari Parker","Duke University","2014"
"3","PHI","Joel Embiid","University of Kansas","2014"
"4","ORL","Aaron Gordon","University of Arizona","2014"
"5","UTA","Dante Exum","","2014"
"6","BOS","Marcus Smart","Oklahoma State University","2014"
"7","LAL","Julius Randle","University of Kentucky","2014"
"8","SAC","Nik Stauskas","University of Michigan","2014"
"9","CHH","Noah Vonleh","Indiana University","2014"
"10","PHI","Elfrid Payton","University of Louisiana at Lafayette","2014"
"11","DEN","Doug McDermott","Creighton University","2014"
"12","ORL","Dario Saric","","2014"
"13","MIN","Zach LaVine","University of California, Los Angeles","2014"
"14","PHO","T.J. Warren","North Carolina State University","2014"
"15","ATL","Adreian Payne","Michigan State University","2014"
"16","CHI","Jusuf Nurkic","","2014"
"17","BOS","James Young","University of Kentucky","2014"
"18","PHO","Tyler Ennis","Syracuse University","2014"
"19","CHI","Gary Harris","Michigan State University","2014"
"20","TOR","Bruno Caboclo","","2014"
"21","OKC","Mitch McGary","University of Michigan","2014"
"22","MEM","Jordan Adams","University of California, Los Angeles","2014"
"23","UTA","Rodney Hood","Duke University","2014"
"24","CHH","Shabazz Napier","University of Connecticut","2014"
"25","HOU","Clint Capela","","2014"
"26","MIA","P.J. Hairston","University of North Carolina","2014"
"27","PHO","Bogdan Bogdanovic","","2014"
"28","LAC","C.J. Wilcox","University of Washington","2014"
"29","OKC","Josh Huestis","Stanford University","2014"
"30","SAS","Kyle Anderson","University of California, Los Angeles","2014"
"31","MIL","Damien Inglis","","2014"
"32","PHI","K.J. McDaniels","Clemson University","2014"
"33","CLE","Joe Harris","University of Virginia","2014"
"34","NYK","Cleanthony Early","Wichita State University","2014"
"35","UTA","Jarnell Stokes","University of Tennessee","2014"
"36","MIL","Johnny O'Bryant III","Louisiana State University","2014"
"37","TOR","DeAndre Daniels","University of Connecticut","2014"
"38","DET","Spencer Dinwiddie","University of Colorado","2014"
"39","PHI","Jerami Grant","Syracuse University","2014"
"40","MIN","Glenn Robinson III","University of Michigan","2014"
"41","DEN","Nikola Jokic","","2014"
"42","HOU","Nick Johnson","University of Arizona","2014"
"43","ATL","Walter Tavares","","2014"
"44","MIN","Markel Brown","Oklahoma State University","2014"
"45","CHH","Dwight Powell","Stanford University","2014"
"46","WAS","Jordan Clarkson","University of Missouri","2014"
"47","PHI","Russ Smith","University of Louisville","2014"
"48","MIL","Lamar Patterson","University of Pittsburgh","2014"
"49","CHI","Cameron Bairstow","University of New Mexico","2014"
"50","PHO","Alec Brown","University of Wisconsin-Green Bay","2014"
"51","NYK","Thanasis Antetokounmpo","","2014"
"52","PHI","Vasilije Micic","","2014"
"53","MIN","Alessandro Gentile","","2014"
"54","PHI","Nemanja Dangubic","","2014"
"55","MIA","Semaj Christon","Xavier University","2014"
"56","DEN","Roy Devyn Marble","University of Iowa","2014"
"57","IND","Louis Labeyrie","","2014"
"58","SAS","Jordan McRae","University of Tennessee","2014"
"59","TOR","Xavier Thames","San Diego State University","2014"
"60","SAS","Cory Jefferson","Baylor University","2014"
"1","MIN","Karl-Anthony Towns","University of Kentucky","2015"
"2","LAL","D'Angelo Russell","Ohio State University","2015"
"3","PHI","Jahlil Okafor","Duke University","2015"
"4","NYK","Kristaps Porzingis","","2015"
"5","ORL","Mario Hezonja","","2015"
"6","SAC","Willie Cauley-Stein","University of Kentucky","2015"
"7","DEN","Emmanuel Mudiay","","2015"
"8","DET","Stanley Johnson","University of Arizona","2015"
"9","CHO","Frank Kaminsky","University of Wisconsin","2015"
"10","MIA","Justise Winslow","Duke University","2015"
"11","IND","Myles Turner","University of Texas at Austin","2015"
"12","UTA","Trey Lyles","University of Kentucky","2015"
"13","PHO","Devin Booker","University of Kentucky","2015"
"14","OKC","Cameron Payne","Murray State University","2015"
"15","ATL","Kelly Oubre","University of Kansas","2015"
"16","BOS","Terry Rozier","University of Louisville","2015"
"17","MIL","Rashad Vaughn","University of Nevada, Las Vegas","2015"
"18","HOU","Sam Dekker","University of Wisconsin","2015"
"19","WAS","Jerian Grant","University of Notre Dame","2015"
"20","TOR","Delon Wright","University of Utah","2015"
"21","DAL","Justin Anderson","University of Virginia","2015"
"22","CHI","Bobby Portis","University of Arkansas","2015"
"23","POR","Rondae Hollis-Jefferson","University of Arizona","2015"
"24","CLE","Tyus Jones","Duke University","2015"
"25","MEM","Jarell Martin","Louisiana State University","2015"
"26","SAS","Nikola Milutinov","","2015"
"27","LAL","Larry Nance Jr.","University of Wyoming","2015"
"28","BOS","R.J. Hunter","Georgia State University","2015"
"29","BRK","Chris McCullough","Syracuse University","2015"
"30","GSW","Kevon Looney","University of California, Los Angeles","2015"
"31","MIN","Cedi Osman","","2015"
"32","HOU","Montrezl Harrell","University of Louisville","2015"
"33","BOS","Jordan Mickey","Louisiana State University","2015"
"34","LAL","Anthony Brown","Stanford University","2015"
"35","PHI","Willy Hernangomez","","2015"
"36","MIN","Rakeem Christmas","Syracuse University","2015"
"37","PHI","Richaun Holmes","Bowling Green State University","2015"
"38","DET","Darrun Hilliard","Villanova University","2015"
"39","CHO","Juan Pablo Vaulet","","2015"
"40","MIA","Josh Richardson","University of Tennessee","2015"
"41","BRK","Pat Connaughton","University of Notre Dame","2015"
"42","UTA","Olivier Hanlan","Boston College","2015"
"43","IND","Joseph Young","University of Oregon","2015"
"44","PHO","Andrew Harrison","University of Kentucky","2015"
"45","BOS","Marcus Thornton","College of William & Mary","2015"
"46","MIL","Norman Powell","University of California, Los Angeles","2015"
"47","PHI","Arturas Gudaitis","","2015"
"48","OKC","Dakari Johnson","University of Kentucky","2015"
"49","WAS","Aaron White","University of Iowa","2015"
"50","ATL","Marcus Eriksson","","2015"
"51","ORL","Tyler Harvey","Eastern Washington University","2015"
"52","DAL","Satnam Singh","","2015"
"53","CLE","Sir'Dominic Pointer","St. John's University","2015"
"54","UTA","Dani Diez","","2015"
"55","SAS","Cady Lalanne","University of Massachusetts Amherst","2015"
"56","NOP","Branden Dawson","Michigan State University","2015"
"57","DEN","Nikola Radicevic","","2015"
"58","PHI","J.P. Tokoto","University of North Carolina","2015"
"59","ATL","Dimitrios Agravanis","","2015"
"60","PHI","Luka Mitrovic","","2015"
"1","PHI","Ben Simmons","Louisiana State University","2016"
"2","LAL","Brandon Ingram","Duke University","2016"
"3","BOS","Jaylen Brown","University of California","2016"
"4","PHO","Dragan Bender","","2016"
"5","MIN","Kris Dunn","Providence College","2016"
"6","NOP","Buddy Hield","University of Oklahoma","2016"
"7","DEN","Jamal Murray","University of Kentucky","2016"
"8","SAC","Marquese Chriss","University of Washington","2016"
"9","TOR","Jakob Poeltl","University of Utah","2016"
"10","MIL","Thon Maker","","2016"
"11","ORL","Domantas Sabonis","Gonzaga University","2016"
"12","UTA","Taurean Prince","Baylor University","2016"
"13","PHO","Georgios Papagiannis","","2016"
"14","CHI","Denzel Valentine","Michigan State University","2016"
"15","DEN","Juan Hernangomez","","2016"
"16","BOS","Guerschon Yabusele","","2016"
"17","MEM","Wade Baldwin","Vanderbilt University","2016"
"18","DET","Henry Ellenson","Marquette University","2016"
"19","DEN","Malik Beasley","Florida State University","2016"
"20","IND","Caris LeVert","University of Michigan","2016"
"21","ATL","DeAndre Bembry","Saint Joseph's University","2016"
"22","CHO","Malachi Richardson","Syracuse University","2016"
"23","BOS","Ante Zizic","","2016"
"24","PHI","Timothe Luwawu","","2016"
"25","LAC","Brice Johnson","University of North Carolina","2016"
"26","PHI","Furkan Korkmaz","","2016"
"27","TOR","Pascal Siakam","New Mexico State University","2016"
"28","PHO","Skal Labissiere","University of Kentucky","2016"
"29","SAS","Dejounte Murray","University of Washington","2016"
"30","GSW","Damian Jones","Vanderbilt University","2016"
"31","BOS","Deyonta Davis","Michigan State University","2016"
"32","LAL","Ivica Zubac","","2016"
"33","LAC","Cheick Diallo","University of Kansas","2016"
"34","PHO","Tyler Ulis","University of Kentucky","2016"
"35","BOS","Rade Zagorac","","2016"
"36","MIL","Malcolm Brogdon","University of Virginia","2016"
"37","HOU","Chinanu Onuaku","University of Louisville","2016"
"38","MIL","Patrick McCaw","University of Nevada, Las Vegas","2016"
"39","NOP","David Michineau","","2016"
"40","NOP","Diamond Stone","University of Maryland","2016"
"41","ORL","Stephen Zimmerman","University of Nevada, Las Vegas","2016"
"42","UTA","Isaiah Whitehead","Seton Hall University","2016"
"43","HOU","Zhou Qi","","2016"
"44","ATL","Isaia Cordinier","","2016"
"45","BOS","Demetrius Jackson","University of Notre Dame","2016"
"46","DAL","A.J. Hammons","Purdue University","2016"
"47","ORL","Jake Layman","University of Maryland","2016"
"48","CHI","Paul Zipser","","2016"
"49","DET","Michael Gbinije","Syracuse University","2016"
"50","IND","Georges Niang","Iowa State University","2016"
"51","BOS","Ben Bentil","Providence College","2016"
"52","UTA","Joel Bolomboy","Weber State University","2016"
"53","DEN","Petr Cornelie","","2016"
"54","ATL","Kay Felder","Oakland University","2016"
"55","BRK","Marcus Paige","University of North Carolina","2016"
"56","DEN","Daniel Hamilton","University of Connecticut","2016"
"57","MEM","Wang Zhelin","","2016"
"58","BOS","Abdel Nader","Iowa State University","2016"
"59","SAC","Isaiah Cousins","University of Oklahoma","2016"
"60","UTA","Tyrone Wallace","University of California","2016"
"1","PHI","Markelle Fultz","University of Washington","2017"
"2","LAL","Lonzo Ball","University of California, Los Angeles","2017"
"3","BOS","Jayson Tatum","Duke University","2017"
"4","PHO","Josh Jackson","University of Kansas","2017"
"5","SAC","De'Aaron Fox","University of Kentucky","2017"
"6","ORL","Jonathan Isaac","Florida State University","2017"
"7","MIN","Lauri Markkanen","University of Arizona","2017"
"8","NYK","Frank Ntilikina","","2017"
"9","DAL","Dennis Smith","North Carolina State University","2017"
"10","SAC","Zach Collins","Gonzaga University","2017"
"11","CHO","Malik Monk","University of Kentucky","2017"
"12","DET","Luke Kennard","Duke University","2017"
"13","DEN","Donovan Mitchell","University of Louisville","2017"
"14","MIA","Bam Adebayo","University of Kentucky","2017"
"15","POR","Justin Jackson","University of North Carolina","2017"
"16","CHI","Justin Patton","Creighton University","2017"
"17","MIL","D.J. Wilson","University of Michigan","2017"
"18","IND","T.J. Leaf","University of California, Los Angeles","2017"
"19","ATL","John Collins","Wake Forest University","2017"
"20","POR","Harry Giles","Duke University","2017"
"21","OKC","Terrance Ferguson","","2017"
"22","BRK","Jarrett Allen","University of Texas at Austin","2017"
"23","TOR","OG Anunoby","Indiana University","2017"
"24","UTA","Tyler Lydon","Syracuse University","2017"
"25","ORL","Anzejs Pasecniks","","2017"
"26","POR","Caleb Swanigan","Purdue University","2017"
"27","BRK","Kyle Kuzma","University of Utah","2017"
"28","LAL","Tony Bradley","University of North Carolina","2017"
"29","SAS","Derrick White","University of Colorado","2017"
"30","UTA","Josh Hart","Villanova University","2017"
"31","CHO","Frank Jackson","Duke University","2017"
"32","PHO","Davon Reed","University of Miami","2017"
"33","ORL","Wesley Iwundu","Kansas State University","2017"
"34","SAC","Frank Mason","University of Kansas","2017"
"35","ORL","Ivan Rabb","University of California","2017"
"36","PHI","Jonah Bolden","","2017"
"37","BOS","Semi Ojeleye","Southern Methodist University","2017"
"38","CHI","Jordan Bell","University of Oregon","2017"
"39","PHI","Jawun Evans","Oklahoma State University","2017"
"40","NOP","Dwayne Bacon","Florida State University","2017"
"41","ATL","Tyler Dorsey","University of Oregon","2017"
"42","UTA","Thomas Bryant","Indiana University","2017"
"43","HOU","Isaiah Hartenstein","","2017"
"44","NYK","Damyean Dotson","University of Oregon","2017"
"45","HOU","Dillon Brooks","University of Oregon","2017"
"46","PHI","Sterling Brown","Southern Methodist University","2017"
"47","IND","Ike Anigbogu","University of California, Los Angeles","2017"
"48","MIL","Sindarius Thornwell","University of South Carolina","2017"
"49","DEN","Vlatko Cancar","","2017"
"50","PHI","Mathias Lessort","","2017"
"51","DEN","Monte Morris","Iowa State University","2017"
"52","NOP","Edmond Sumner","Xavier University","2017"
"53","BOS","Kadeem Allen","University of Arizona","2017"
"54","PHO","Alec Peters","Valparaiso University","2017"
"55","UTA","Nigel Williams-Goss","Gonzaga University","2017"
"56","BOS","Jabari Bird","University of California","2017"
"57","BRK","Aleksandar Vezenkov","","2017"
"58","NYK","Ognjen Jaramaz","","2017"
"59","SAS","Jaron Blossomgame","Clemson University","2017"
"60","ATL","Alpha Kaba","","2017"
