"Team","W","L","PTS","PTSA","SRS","Season"
"Boston Celtics",61,21,113.5,105.7,7.37,"1979-1980"
"Philadelphia 76ers",59,23,109.1,104.9,4.04,"1979-1980"
"Washington Bullets",39,43,107,109.5,-2.27,"1979-1980"
"New York Knicks",39,43,114,115.1,-0.96,"1979-1980"
"New Jersey Nets",34,48,108.3,109.5,-0.98,"1979-1980"
"Atlanta Hawks",50,32,104.5,101.6,2.83,"1979-1980"
"Houston Rockets",41,41,110.8,110.6,0.27,"1979-1980"
"San Antonio Spurs",41,41,119.4,119.7,-0.24,"1979-1980"
"Indiana Pacers",37,45,111.2,111.9,-0.54,"1979-1980"
"Cleveland Cavaliers",37,45,114.1,113.8,0.43,"1979-1980"
"Detroit Pistons",16,66,108.9,117.2,-7.57,"1979-1980"
"Milwaukee Bucks",49,33,110.1,106.1,3.57,"1979-1980"
"Kansas City Kings",47,35,108,104.9,2.82,"1979-1980"
"Denver Nuggets",30,52,108.3,112.7,-4.22,"1979-1980"
"Chicago Bulls",30,52,107.5,110.2,-2.63,"1979-1980"
"Utah Jazz",24,58,102.4,108.4,-5.71,"1979-1980"
"Los Angeles Lakers",60,22,115.1,109.2,5.4,"1979-1980"
"Seattle SuperSonics",56,26,108.5,103.8,4.24,"1979-1980"
"Phoenix Suns",55,27,111.1,107.5,3.25,"1979-1980"
"Portland Trail Blazers",38,44,102.5,103.3,-0.87,"1979-1980"
"San Diego Clippers",35,47,107.6,111.7,-3.97,"1979-1980"
"Golden State Warriors",24,58,103.6,108,-4.2,"1979-1980"
"Boston Celtics",62,20,109.9,104,6.05,"1980-1981"
"Philadelphia 76ers",62,20,111.7,103.8,7.76,"1980-1981"
"New York Knicks",50,32,107.9,106.3,2,"1980-1981"
"Washington Bullets",39,43,105.6,105.6,0.42,"1980-1981"
"New Jersey Nets",24,58,106.9,113,-5.15,"1980-1981"
"Milwaukee Bucks",60,22,113.1,105.9,7.14,"1980-1981"
"Chicago Bulls",45,37,109,107,2.34,"1980-1981"
"Indiana Pacers",44,38,107.6,106.2,1.72,"1980-1981"
"Atlanta Hawks",31,51,104.9,108,-2.37,"1980-1981"
"Cleveland Cavaliers",28,54,105.7,110.6,-4.15,"1980-1981"
"Detroit Pistons",21,61,99.7,106,-5.58,"1980-1981"
"San Antonio Spurs",52,30,112.3,109.4,2.18,"1980-1981"
"Kansas City Kings",40,42,106.9,106.9,-0.49,"1980-1981"
"Houston Rockets",40,42,108.3,107.9,-0.2,"1980-1981"
"Denver Nuggets",37,45,121.8,122.3,-0.95,"1980-1981"
"Utah Jazz",28,54,101.2,107.1,-5.99,"1980-1981"
"Dallas Mavericks",15,67,101.5,109.9,-8.33,"1980-1981"
"Phoenix Suns",57,25,110,104.5,4.83,"1980-1981"
"Los Angeles Lakers",54,28,111.2,107.3,3.27,"1980-1981"
"Portland Trail Blazers",45,37,110.7,109.8,0.52,"1980-1981"
"Golden State Warriors",39,43,109.8,111,-1.41,"1980-1981"
"San Diego Clippers",36,46,106.5,108.1,-1.78,"1980-1981"
"Seattle SuperSonics",34,48,104,105.7,-1.84,"1980-1981"
"Boston Celtics",63,19,112,105.6,6.35,"1981-1982"
"Philadelphia 76ers",58,24,111.2,105.5,5.74,"1981-1982"
"New Jersey Nets",44,38,106.7,106,0.87,"1981-1982"
"Washington Bullets",43,39,103.5,102.6,1.06,"1981-1982"
"New York Knicks",33,49,106.2,108.9,-2.15,"1981-1982"
"Milwaukee Bucks",55,27,108.4,102.9,5.38,"1981-1982"
"Atlanta Hawks",42,40,101,100.5,0.81,"1981-1982"
"Detroit Pistons",39,43,111.1,112,-0.63,"1981-1982"
"Indiana Pacers",35,47,102.2,104,-1.49,"1981-1982"
"Chicago Bulls",34,48,106.6,108.6,-1.57,"1981-1982"
"Cleveland Cavaliers",15,67,103.2,111.7,-7.77,"1981-1982"
"San Antonio Spurs",48,34,113.1,110.8,1.79,"1981-1982"
"Denver Nuggets",46,36,126.5,126,0.13,"1981-1982"
"Houston Rockets",46,36,105.9,105.9,-0.39,"1981-1982"
"Kansas City Kings",30,52,107.1,110.2,-3.25,"1981-1982"
"Dallas Mavericks",28,54,104.6,109,-4.48,"1981-1982"
"Utah Jazz",25,57,110.9,116.6,-5.63,"1981-1982"
"Los Angeles Lakers",57,25,114.6,109.8,4.37,"1981-1982"
"Seattle SuperSonics",52,30,107.3,103.1,3.69,"1981-1982"
"Phoenix Suns",46,36,106.2,102.7,3.05,"1981-1982"
"Golden State Warriors",45,37,110.9,109.8,0.8,"1981-1982"
"Portland Trail Blazers",42,40,109.8,109.2,0.39,"1981-1982"
"San Diego Clippers",17,65,108.5,115.9,-7.05,"1981-1982"
"Philadelphia 76ers",65,17,112.1,104.4,7.53,"1982-1983"
"Boston Celtics",56,26,112.1,106.7,5.34,"1982-1983"
"New Jersey Nets",49,33,105.8,103,2.77,"1982-1983"
"New York Knicks",44,38,100,97.5,2.58,"1982-1983"
"Washington Bullets",42,40,99.2,99.3,0.2,"1982-1983"
"Milwaukee Bucks",51,31,106.6,102.2,4.32,"1982-1983"
"Atlanta Hawks",43,39,101.6,102.6,-0.72,"1982-1983"
"Detroit Pistons",37,45,112.7,113.1,-0.17,"1982-1983"
"Chicago Bulls",28,54,111,115.9,-4.41,"1982-1983"
"Cleveland Cavaliers",23,59,97.1,104.6,-6.78,"1982-1983"
"Indiana Pacers",20,62,108.7,114.5,-5.36,"1982-1983"
"San Antonio Spurs",53,29,114.3,110.7,3.1,"1982-1983"
"Denver Nuggets",45,37,123.2,122.6,0.27,"1982-1983"
"Kansas City Kings",45,37,113.8,112.3,1.04,"1982-1983"
"Dallas Mavericks",38,44,112.7,113.1,-0.7,"1982-1983"
"Utah Jazz",30,52,109,113.2,-4.22,"1982-1983"
"Houston Rockets",14,68,99.3,110.9,-11.12,"1982-1983"
"Los Angeles Lakers",58,24,115,109.5,5.06,"1982-1983"
"Phoenix Suns",53,29,107,102,4.61,"1982-1983"
"Seattle SuperSonics",48,34,110,106.8,2.88,"1982-1983"
"Portland Trail Blazers",46,36,107.4,105.3,1.88,"1982-1983"
"Golden State Warriors",30,52,108.6,112.3,-3.48,"1982-1983"
"San Diego Clippers",25,57,108.6,113.4,-4.61,"1982-1983"
"Boston Celtics",62,20,112.1,105.6,6.42,"1983-1984"
"Philadelphia 76ers",52,30,107.8,105.6,2.39,"1983-1984"
"New York Knicks",47,35,106.9,103,3.79,"1983-1984"
"New Jersey Nets",45,37,110,108.9,1.27,"1983-1984"
"Washington Bullets",35,47,102.7,105.6,-2.36,"1983-1984"
"Milwaukee Bucks",50,32,105.7,101.5,4.04,"1983-1984"
"Detroit Pistons",49,33,117.1,113.5,3.52,"1983-1984"
"Atlanta Hawks",40,42,101.5,102.8,-1.08,"1983-1984"
"Cleveland Cavaliers",28,54,102.3,106.5,-3.71,"1983-1984"
"Chicago Bulls",27,55,103.7,108.9,-4.69,"1983-1984"
"Indiana Pacers",26,56,104.5,109.3,-4.25,"1983-1984"
"Utah Jazz",45,37,115,113.8,0.81,"1983-1984"
"Dallas Mavericks",43,39,110.4,110,0.15,"1983-1984"
"Denver Nuggets",38,44,123.7,124.8,-1.27,"1983-1984"
"Kansas City Kings",38,44,110,111.5,-1.62,"1983-1984"
"San Antonio Spurs",37,45,120.3,120.5,-0.5,"1983-1984"
"Houston Rockets",29,53,110.6,113.7,-3.12,"1983-1984"
"Los Angeles Lakers",54,28,115.6,111.8,3.32,"1983-1984"
"Portland Trail Blazers",48,34,113.1,109.6,3.13,"1983-1984"
"Seattle SuperSonics",42,40,108.1,108.3,-0.34,"1983-1984"
"Phoenix Suns",41,41,111,110.1,0.65,"1983-1984"
"Golden State Warriors",37,45,109.9,113.3,-3.35,"1983-1984"
"San Diego Clippers",30,52,110.7,114,-3.21,"1983-1984"
"Boston Celtics",63,19,114.8,108.1,6.47,"1984-1985"
"Philadelphia 76ers",58,24,112.9,108.8,4.17,"1984-1985"
"New Jersey Nets",42,40,109.5,109.2,0.64,"1984-1985"
"Washington Bullets",40,42,105.5,105.8,0.15,"1984-1985"
"New York Knicks",24,58,105.2,109.8,-4.09,"1984-1985"
"Milwaukee Bucks",59,23,110.9,104,6.69,"1984-1985"
"Detroit Pistons",46,36,116,113.5,2.73,"1984-1985"
"Chicago Bulls",38,44,108.7,109.6,-0.5,"1984-1985"
"Cleveland Cavaliers",36,46,108.6,111.3,-2.27,"1984-1985"
"Atlanta Hawks",34,48,106.6,108.1,-1.14,"1984-1985"
"Indiana Pacers",22,60,108.3,114.5,-5.46,"1984-1985"
"Denver Nuggets",52,30,120,117.6,2.05,"1984-1985"
"Houston Rockets",48,34,111.2,109.5,1.38,"1984-1985"
"Dallas Mavericks",44,38,111.2,109,1.8,"1984-1985"
"Utah Jazz",41,41,109,109.1,-0.33,"1984-1985"
"San Antonio Spurs",41,41,114.8,113.9,0.63,"1984-1985"
"Kansas City Kings",31,51,114.8,117.5,-2.71,"1984-1985"
"Los Angeles Lakers",62,20,118.2,110.9,6.48,"1984-1985"
"Portland Trail Blazers",42,40,115.5,112.1,2.8,"1984-1985"
"Phoenix Suns",36,46,108,110.1,-2.34,"1984-1985"
"Seattle SuperSonics",31,51,102.1,107.6,-5.44,"1984-1985"
"Los Angeles Clippers",31,51,107.1,111.6,-4.55,"1984-1985"
"Golden State Warriors",22,60,110.4,117.7,-7.21,"1984-1985"
"Boston Celtics",67,15,114.1,104.7,9.06,"1985-1986"
"Philadelphia 76ers",54,28,110.4,108,2.46,"1985-1986"
"Washington Bullets",39,43,103,104.8,-1.28,"1985-1986"
"New Jersey Nets",39,43,109.1,111.1,-1.39,"1985-1986"
"New York Knicks",23,59,98.7,104.3,-4.82,"1985-1986"
"Milwaukee Bucks",57,25,114.5,105.5,8.69,"1985-1986"
"Atlanta Hawks",50,32,108.6,106.2,2.59,"1985-1986"
"Detroit Pistons",46,36,114.2,113,1.44,"1985-1986"
"Chicago Bulls",30,52,109.3,113.1,-3.12,"1985-1986"
"Cleveland Cavaliers",29,53,107.8,110.6,-2.19,"1985-1986"
"Indiana Pacers",26,56,103.9,107.2,-2.66,"1985-1986"
"Houston Rockets",51,31,114.4,111.8,2.1,"1985-1986"
"Denver Nuggets",47,35,114.8,113.5,0.89,"1985-1986"
"Dallas Mavericks",44,38,115.3,114.2,0.7,"1985-1986"
"Utah Jazz",42,40,108.2,108.5,-0.67,"1985-1986"
"Sacramento Kings",37,45,108.8,111.9,-3.19,"1985-1986"
"San Antonio Spurs",35,47,111.2,113.1,-2.06,"1985-1986"
"Los Angeles Lakers",62,20,117.3,109.5,6.84,"1985-1986"
"Portland Trail Blazers",40,42,115.1,114,0.61,"1985-1986"
"Phoenix Suns",32,50,110,113,-3.16,"1985-1986"
"Los Angeles Clippers",32,50,108.6,115.5,-6.83,"1985-1986"
"Seattle SuperSonics",31,51,104.4,104.5,-0.47,"1985-1986"
"Golden State Warriors",30,52,113.4,116.9,-3.59,"1985-1986"
"Boston Celtics",59,23,112.6,106,6.57,"1986-1987"
"Philadelphia 76ers",45,37,106.5,106.6,0.11,"1986-1987"
"Washington Bullets",42,40,106,107.3,-1.02,"1986-1987"
"New Jersey Nets",24,58,108.5,113.5,-4.42,"1986-1987"
"New York Knicks",24,58,103.8,110,-5.42,"1986-1987"
"Atlanta Hawks",57,25,110,102.8,7.18,"1986-1987"
"Detroit Pistons",52,30,111.2,107.8,3.51,"1986-1987"
"Milwaukee Bucks",50,32,110.4,106.5,4.04,"1986-1987"
"Indiana Pacers",41,41,106.1,106.7,-0.17,"1986-1987"
"Chicago Bulls",40,42,104.8,103.9,1.26,"1986-1987"
"Cleveland Cavaliers",31,51,104.4,108.2,-3.19,"1986-1987"
"Dallas Mavericks",55,27,116.7,110.4,5.54,"1986-1987"
"Utah Jazz",44,38,107.9,107.5,0.04,"1986-1987"
"Houston Rockets",42,40,106.9,105.9,0.6,"1986-1987"
"Denver Nuggets",37,45,116.7,117.6,-1.14,"1986-1987"
"Sacramento Kings",29,53,110.9,114.1,-3.34,"1986-1987"
"San Antonio Spurs",28,54,108.3,113.4,-5.09,"1986-1987"
"Los Angeles Lakers",65,17,117.8,108.5,8.32,"1986-1987"
"Portland Trail Blazers",49,33,117.9,114.8,2.57,"1986-1987"
"Golden State Warriors",42,40,112,114.4,-2.54,"1986-1987"
"Seattle SuperSonics",39,43,113.7,113.3,0.08,"1986-1987"
"Phoenix Suns",36,46,111.1,113.5,-2.63,"1986-1987"
"Los Angeles Clippers",12,70,104.5,115.9,-11,"1986-1987"
"Boston Celtics",57,25,113.6,107.7,6.15,"1987-1988"
"Washington Bullets",38,44,105.5,106.3,-0.16,"1987-1988"
"New York Knicks",38,44,105.5,106,0.14,"1987-1988"
"Philadelphia 76ers",36,46,105.7,107.1,-0.79,"1987-1988"
"New Jersey Nets",19,63,100.4,108.5,-6.98,"1987-1988"
"Detroit Pistons",54,28,109.2,104.1,5.46,"1987-1988"
"Chicago Bulls",50,32,105,101.6,3.76,"1987-1988"
"Atlanta Hawks",50,32,107.9,104.3,4.02,"1987-1988"
"Milwaukee Bucks",42,40,106.1,105.5,1.21,"1987-1988"
"Cleveland Cavaliers",42,40,104.5,103.7,1.28,"1987-1988"
"Indiana Pacers",38,44,104.6,105.4,-0.18,"1987-1988"
"Denver Nuggets",54,28,116.7,112.7,3.32,"1987-1988"
"Dallas Mavericks",53,29,109.3,104.9,3.59,"1987-1988"
"Utah Jazz",47,35,108.5,104.8,2.96,"1987-1988"
"Houston Rockets",46,36,109,107.6,0.82,"1987-1988"
"San Antonio Spurs",31,51,113.6,118.5,-5.02,"1987-1988"
"Sacramento Kings",24,58,108,113.7,-5.84,"1987-1988"
"Los Angeles Lakers",62,20,112.8,107,4.81,"1987-1988"
"Portland Trail Blazers",53,29,116.1,111.5,3.59,"1987-1988"
"Seattle SuperSonics",44,38,111.4,109.3,1.29,"1987-1988"
"Phoenix Suns",28,54,108.5,113,-4.8,"1987-1988"
"Golden State Warriors",20,62,107,115.3,-8.38,"1987-1988"
"Los Angeles Clippers",17,65,98.8,109.1,-10.24,"1987-1988"
"New York Knicks",52,30,116.7,112.9,3.62,"1988-1989"
"Philadelphia 76ers",46,36,111.9,110.4,1.68,"1988-1989"
"Boston Celtics",42,40,109.2,108.1,1.26,"1988-1989"
"Washington Bullets",40,42,108.3,110.4,-1.77,"1988-1989"
"New Jersey Nets",26,56,103.7,110.1,-5.69,"1988-1989"
"Charlotte Hornets",20,62,104.5,113,-7.74,"1988-1989"
"Detroit Pistons",63,19,106.6,100.8,6.24,"1988-1989"
"Cleveland Cavaliers",57,25,108.8,101.2,7.95,"1988-1989"
"Atlanta Hawks",52,30,111,106.1,5.26,"1988-1989"
"Milwaukee Bucks",49,33,108.9,105.3,4.11,"1988-1989"
"Chicago Bulls",47,35,106.4,105,2.13,"1988-1989"
"Indiana Pacers",28,54,106.9,111.1,-3,"1988-1989"
"Utah Jazz",51,31,104.7,99.7,4.01,"1988-1989"
"Houston Rockets",45,37,108.5,107.5,0.22,"1988-1989"
"Denver Nuggets",44,38,118,116.3,0.91,"1988-1989"
"Dallas Mavericks",38,44,103.5,104.7,-1.79,"1988-1989"
"San Antonio Spurs",21,61,105.5,112.8,-7.45,"1988-1989"
"Miami Heat",15,67,97.8,109,-11.13,"1988-1989"
"Los Angeles Lakers",57,25,114.7,107.5,6.38,"1988-1989"
"Phoenix Suns",55,27,118.6,110.9,6.84,"1988-1989"
"Seattle SuperSonics",47,35,112.1,109.2,2.44,"1988-1989"
"Golden State Warriors",43,39,116.6,116.9,-0.59,"1988-1989"
"Portland Trail Blazers",39,43,114.6,113.1,0.92,"1988-1989"
"Sacramento Kings",27,55,105.5,111,-5.35,"1988-1989"
"Los Angeles Clippers",21,61,106.2,116.2,-9.5,"1988-1989"
"Philadelphia 76ers",53,29,110.2,105.2,4.23,"1989-1990"
"Boston Celtics",52,30,110,106,3.23,"1989-1990"
"New York Knicks",45,37,108.3,106.9,0.78,"1989-1990"
"Washington Bullets",31,51,107.7,109.9,-2.43,"1989-1990"
"Miami Heat",18,64,100.6,110.3,-9.59,"1989-1990"
"New Jersey Nets",17,65,100.1,108,-7.82,"1989-1990"
"Detroit Pistons",59,23,104.3,98.3,5.41,"1989-1990"
"Chicago Bulls",55,27,109.5,106.2,2.74,"1989-1990"
"Milwaukee Bucks",44,38,106,106.8,-1.06,"1989-1990"
"Cleveland Cavaliers",42,40,102.6,102.9,-0.62,"1989-1990"
"Indiana Pacers",42,40,109.3,109.1,-0.18,"1989-1990"
"Atlanta Hawks",41,41,108.5,107.5,0.64,"1989-1990"
"Orlando Magic",18,64,110.9,119.8,-8.73,"1989-1990"
"San Antonio Spurs",56,26,106.3,102.8,3.58,"1989-1990"
"Utah Jazz",55,27,106.8,102,4.82,"1989-1990"
"Dallas Mavericks",47,35,102.2,102.2,0.42,"1989-1990"
"Denver Nuggets",43,39,114.6,113.2,1.56,"1989-1990"
"Houston Rockets",41,41,106.7,105.3,1.71,"1989-1990"
"Minnesota Timberwolves",22,60,95.2,99.4,-3.6,"1989-1990"
"Charlotte Hornets",19,63,100.4,108.2,-7,"1989-1990"
"Los Angeles Lakers",63,19,110.7,103.9,6.74,"1989-1990"
"Portland Trail Blazers",59,23,114.2,107.9,6.48,"1989-1990"
"Phoenix Suns",54,28,114.9,107.8,7.09,"1989-1990"
"Seattle SuperSonics",41,41,106.9,105.9,1.4,"1989-1990"
"Golden State Warriors",37,45,116.3,119.4,-2.55,"1989-1990"
"Los Angeles Clippers",30,52,103.8,107.2,-2.8,"1989-1990"
"Sacramento Kings",23,59,101.7,106.8,-4.41,"1989-1990"
"Boston Celtics",56,26,111.5,105.7,5.22,"1990-1991"
"Philadelphia 76ers",44,38,105.4,105.6,-0.39,"1990-1991"
"New York Knicks",39,43,103.1,103.3,-0.43,"1990-1991"
"Washington Bullets",30,52,101.4,106.4,-4.84,"1990-1991"
"New Jersey Nets",26,56,102.9,107.5,-4.53,"1990-1991"
"Miami Heat",24,58,101.8,107.8,-5.91,"1990-1991"
"Chicago Bulls",61,21,110,101,8.57,"1990-1991"
"Detroit Pistons",50,32,100.1,96.8,3.08,"1990-1991"
"Milwaukee Bucks",48,34,106.4,104,2.33,"1990-1991"
"Atlanta Hawks",43,39,109.8,109,0.72,"1990-1991"
"Indiana Pacers",41,41,111.7,112.1,-0.37,"1990-1991"
"Cleveland Cavaliers",33,49,101.7,104.2,-2.33,"1990-1991"
"Charlotte Hornets",26,56,102.8,108,-4.95,"1990-1991"
"San Antonio Spurs",55,27,107.1,102.6,4.3,"1990-1991"
"Utah Jazz",54,28,104,100.7,3.18,"1990-1991"
"Houston Rockets",52,30,106.7,103.2,3.27,"1990-1991"
"Orlando Magic",31,51,105.9,109.9,-3.79,"1990-1991"
"Minnesota Timberwolves",29,53,99.6,103.5,-3.75,"1990-1991"
"Dallas Mavericks",28,54,99.9,104.5,-4.27,"1990-1991"
"Denver Nuggets",20,62,119.9,130.8,-10.31,"1990-1991"
"Portland Trail Blazers",63,19,114.7,106,8.47,"1990-1991"
"Los Angeles Lakers",58,24,106.3,99.6,6.73,"1990-1991"
"Phoenix Suns",55,27,114,107.5,6.49,"1990-1991"
"Golden State Warriors",44,38,116.6,115,1.72,"1990-1991"
"Seattle SuperSonics",41,41,106.6,105.4,1.31,"1990-1991"
"Los Angeles Clippers",31,51,103.5,107,-3.16,"1990-1991"
"Sacramento Kings",25,57,96.7,103.5,-6.27,"1990-1991"
"Boston Celtics",51,31,106.6,103,3.41,"1991-1992"
"New York Knicks",51,31,101.6,97.7,3.67,"1991-1992"
"New Jersey Nets",40,42,105.4,107.1,-1.54,"1991-1992"
"Miami Heat",38,44,105,109.2,-3.94,"1991-1992"
"Philadelphia 76ers",35,47,101.9,103.2,-1.34,"1991-1992"
"Washington Bullets",25,57,102.4,106.8,-4.35,"1991-1992"
"Orlando Magic",21,61,101.6,108.5,-6.52,"1991-1992"
"Chicago Bulls",67,15,109.9,99.5,10.07,"1991-1992"
"Cleveland Cavaliers",57,25,108.9,103.4,5.34,"1991-1992"
"Detroit Pistons",48,34,98.9,96.9,2.06,"1991-1992"
"Indiana Pacers",40,42,112.2,110.3,1.85,"1991-1992"
"Atlanta Hawks",38,44,106.2,107.7,-1.15,"1991-1992"
"Milwaukee Bucks",31,51,105,106.7,-1.46,"1991-1992"
"Charlotte Hornets",31,51,109.5,113.4,-3.57,"1991-1992"
"Utah Jazz",55,27,108.3,101.9,5.7,"1991-1992"
"San Antonio Spurs",47,35,104,100.6,2.81,"1991-1992"
"Houston Rockets",42,40,102,103.7,-1.94,"1991-1992"
"Denver Nuggets",24,58,99.7,107.6,-7.59,"1991-1992"
"Dallas Mavericks",22,60,97.6,105.3,-7.47,"1991-1992"
"Minnesota Timberwolves",15,67,100.5,107.5,-6.85,"1991-1992"
"Portland Trail Blazers",57,25,111.4,104.1,6.94,"1991-1992"
"Golden State Warriors",55,27,118.7,114.8,3.77,"1991-1992"
"Phoenix Suns",53,29,112.1,106.2,5.68,"1991-1992"
"Seattle SuperSonics",47,35,106.5,104.7,1.86,"1991-1992"
"Los Angeles Clippers",45,37,102.9,101.9,1.1,"1991-1992"
"Los Angeles Lakers",43,39,100.4,101.5,-0.95,"1991-1992"
"Sacramento Kings",29,53,104.3,110.3,-5.63,"1991-1992"
"New York Knicks",60,22,101.6,95.4,5.87,"1992-1993"
"Boston Celtics",48,34,103.7,102.8,0.93,"1992-1993"
"New Jersey Nets",43,39,102.8,101.6,1.2,"1992-1993"
"Orlando Magic",41,41,105.5,104.2,1.35,"1992-1993"
"Miami Heat",36,46,103.6,104.7,-0.93,"1992-1993"
"Philadelphia 76ers",26,56,104.3,110.1,-5.25,"1992-1993"
"Washington Bullets",22,60,101.9,108.9,-6.49,"1992-1993"
"Chicago Bulls",57,25,105.2,98.9,6.19,"1992-1993"
"Cleveland Cavaliers",54,28,107.7,101.3,6.3,"1992-1993"
"Charlotte Hornets",44,38,110.1,110.4,-0.02,"1992-1993"
"Atlanta Hawks",43,39,107.5,108.4,-0.67,"1992-1993"
"Indiana Pacers",41,41,107.8,106.1,1.77,"1992-1993"
"Detroit Pistons",40,42,100.6,102,-1.1,"1992-1993"
"Milwaukee Bucks",28,54,102.3,106.1,-3.26,"1992-1993"
"Houston Rockets",55,27,104,99.8,3.57,"1992-1993"
"San Antonio Spurs",49,33,105.5,102.8,2.21,"1992-1993"
"Utah Jazz",47,35,106.2,104,1.74,"1992-1993"
"Denver Nuggets",36,46,105.2,106.9,-2.14,"1992-1993"
"Minnesota Timberwolves",19,63,98.1,105.9,-7.62,"1992-1993"
"Dallas Mavericks",11,71,99.3,114.5,-14.68,"1992-1993"
"Phoenix Suns",62,20,113.4,106.7,6.27,"1992-1993"
"Seattle SuperSonics",55,27,108.3,101.3,6.66,"1992-1993"
"Portland Trail Blazers",51,31,108.5,105.4,2.92,"1992-1993"
"Los Angeles Clippers",41,41,107.1,106.8,0.33,"1992-1993"
"Los Angeles Lakers",39,43,104.2,105.5,-1.2,"1992-1993"
"Golden State Warriors",34,48,109.9,110.9,-0.94,"1992-1993"
"Sacramento Kings",25,57,107.9,111.1,-3,"1992-1993"
"New York Knicks",57,25,98.5,91.5,6.48,"1993-1994"
"Orlando Magic",50,32,105.7,101.8,3.68,"1993-1994"
"New Jersey Nets",45,37,103.2,101,2.11,"1993-1994"
"Miami Heat",42,40,103.4,100.7,2.4,"1993-1994"
"Boston Celtics",32,50,100.8,105.1,-4.28,"1993-1994"
"Philadelphia 76ers",25,57,98,105.6,-7.37,"1993-1994"
"Washington Bullets",24,58,100.4,107.7,-7.13,"1993-1994"
"Atlanta Hawks",57,25,101.4,96.2,4.94,"1993-1994"
"Chicago Bulls",55,27,98,94.9,2.87,"1993-1994"
"Indiana Pacers",47,35,101,97.5,3.26,"1993-1994"
"Cleveland Cavaliers",47,35,101.2,97.1,3.64,"1993-1994"
"Charlotte Hornets",41,41,106.5,106.7,-0.23,"1993-1994"
"Milwaukee Bucks",20,62,96.9,103.4,-6.24,"1993-1994"
"Detroit Pistons",20,62,96.9,104.7,-7.46,"1993-1994"
"Houston Rockets",58,24,101.1,96.8,4.19,"1993-1994"
"San Antonio Spurs",55,27,100,94.8,5.05,"1993-1994"
"Utah Jazz",53,29,101.9,97.7,4.1,"1993-1994"
"Denver Nuggets",42,40,100.3,98.8,1.54,"1993-1994"
"Minnesota Timberwolves",20,62,96.7,103.6,-6.55,"1993-1994"
"Dallas Mavericks",13,69,95.1,103.8,-8.19,"1993-1994"
"Seattle SuperSonics",63,19,105.9,96.9,8.68,"1993-1994"
"Phoenix Suns",56,26,108.2,103.4,4.68,"1993-1994"
"Golden State Warriors",50,32,107.9,106.1,1.76,"1993-1994"
"Portland Trail Blazers",47,35,107.3,104.6,2.6,"1993-1994"
"Los Angeles Lakers",33,49,100.4,104.7,-3.93,"1993-1994"
"Sacramento Kings",28,54,101.1,106.9,-5.32,"1993-1994"
"Los Angeles Clippers",27,55,103,108.7,-5.28,"1993-1994"
"Orlando Magic",57,25,110.9,103.8,6.44,"1994-1995"
"New York Knicks",55,27,98.2,95.1,2.78,"1994-1995"
"Boston Celtics",35,47,102.8,104.7,-1.92,"1994-1995"
"Miami Heat",32,50,101.1,102.8,-1.85,"1994-1995"
"New Jersey Nets",30,52,98.1,101.2,-3.28,"1994-1995"
"Philadelphia 76ers",24,58,95.4,100.4,-5.06,"1994-1995"
"Washington Bullets",21,61,100.5,106.1,-5.56,"1994-1995"
"Indiana Pacers",52,30,99.2,95.5,3.35,"1994-1995"
"Charlotte Hornets",50,32,100.6,97.3,2.87,"1994-1995"
"Chicago Bulls",47,35,101.5,96.7,4.32,"1994-1995"
"Cleveland Cavaliers",43,39,90.5,89.8,0.55,"1994-1995"
"Atlanta Hawks",42,40,96.6,95.3,1.06,"1994-1995"
"Milwaukee Bucks",34,48,99.3,103.7,-4.3,"1994-1995"
"Detroit Pistons",28,54,98.2,105.5,-7.08,"1994-1995"
"San Antonio Spurs",62,20,106.6,100.6,5.9,"1994-1995"
"Utah Jazz",60,22,106.4,98.4,7.76,"1994-1995"
"Houston Rockets",47,35,103.5,101.4,2.32,"1994-1995"
"Denver Nuggets",41,41,101.3,100.5,0.96,"1994-1995"
"Dallas Mavericks",36,46,103.2,106.1,-2.39,"1994-1995"
"Minnesota Timberwolves",21,61,94.2,103.2,-8.22,"1994-1995"
"Phoenix Suns",59,23,110.6,106.8,3.86,"1994-1995"
"Seattle SuperSonics",57,25,110.4,102.2,7.91,"1994-1995"
"Los Angeles Lakers",48,34,105.1,105.3,-0.01,"1994-1995"
"Portland Trail Blazers",44,38,103.1,99.2,3.8,"1994-1995"
"Sacramento Kings",39,43,98.2,99.2,-0.74,"1994-1995"
"Golden State Warriors",26,56,105.7,111.1,-4.9,"1994-1995"
"Los Angeles Clippers",17,65,96.7,105.8,-8.43,"1994-1995"
"Orlando Magic",60,22,104.5,99,5.4,"1995-1996"
"New York Knicks",47,35,97.2,94.9,2.24,"1995-1996"
"Miami Heat",42,40,96.5,95,1.46,"1995-1996"
"Washington Bullets",39,43,102.5,101.5,0.99,"1995-1996"
"Boston Celtics",33,49,103.6,107,-3.37,"1995-1996"
"New Jersey Nets",30,52,93.7,97.9,-4.14,"1995-1996"
"Philadelphia 76ers",18,64,94.5,104.5,-9.45,"1995-1996"
"Chicago Bulls",72,10,105.2,92.9,11.8,"1995-1996"
"Indiana Pacers",52,30,99.3,96.1,3.11,"1995-1996"
"Cleveland Cavaliers",47,35,91.1,88.5,2.49,"1995-1996"
"Atlanta Hawks",46,36,98.3,97.1,1.29,"1995-1996"
"Detroit Pistons",46,36,95.4,92.9,2.45,"1995-1996"
"Charlotte Hornets",41,41,102.8,103.4,-0.48,"1995-1996"
"Milwaukee Bucks",25,57,95.6,100.9,-4.92,"1995-1996"
"Toronto Raptors",21,61,97.5,105,-7.2,"1995-1996"
"San Antonio Spurs",59,23,103.4,97.1,5.98,"1995-1996"
"Utah Jazz",55,27,102.5,95.9,6.25,"1995-1996"
"Houston Rockets",48,34,102.5,100.7,1.63,"1995-1996"
"Denver Nuggets",35,47,97.7,100.4,-2.62,"1995-1996"
"Minnesota Timberwolves",26,56,97.9,103.2,-5.14,"1995-1996"
"Dallas Mavericks",26,56,102.5,107.5,-4.71,"1995-1996"
"Vancouver Grizzlies",15,67,89.8,99.8,-9.55,"1995-1996"
"Seattle SuperSonics",64,18,104.5,96.7,7.4,"1995-1996"
"Los Angeles Lakers",53,29,102.9,98.5,4.21,"1995-1996"
"Portland Trail Blazers",44,38,99.3,97,2.21,"1995-1996"
"Phoenix Suns",41,41,104.3,104,0.28,"1995-1996"
"Sacramento Kings",39,43,99.5,102.3,-2.62,"1995-1996"
"Golden State Warriors",36,46,101.6,103.1,-1.42,"1995-1996"
"Los Angeles Clippers",29,53,99.4,103,-3.46,"1995-1996"
"Miami Heat",61,21,94.8,89.3,5.56,"1996-1997"
"New York Knicks",57,25,95.4,92.2,3.31,"1996-1997"
"Orlando Magic",45,37,94.1,94.5,-0.07,"1996-1997"
"Washington Bullets",44,38,99.4,97.7,1.77,"1996-1997"
"New Jersey Nets",26,56,97.2,101.8,-3.89,"1996-1997"
"Philadelphia 76ers",22,60,100.2,106.7,-5.89,"1996-1997"
"Boston Celtics",15,67,100.6,107.9,-6.62,"1996-1997"
"Chicago Bulls",69,13,103.1,92.3,10.7,"1996-1997"
"Atlanta Hawks",56,26,94.8,89.4,5.52,"1996-1997"
"Detroit Pistons",54,28,94.2,88.9,5.45,"1996-1997"
"Charlotte Hornets",54,28,98.9,97,2.13,"1996-1997"
"Cleveland Cavaliers",42,40,87.5,85.6,2.32,"1996-1997"
"Indiana Pacers",39,43,95.4,94.4,1.49,"1996-1997"
"Milwaukee Bucks",33,49,95.3,97.2,-1.38,"1996-1997"
"Toronto Raptors",30,52,95.5,98.6,-2.56,"1996-1997"
"Utah Jazz",64,18,103.1,94.3,7.97,"1996-1997"
"Houston Rockets",57,25,100.6,96.1,3.85,"1996-1997"
"Minnesota Timberwolves",40,42,96.1,97.6,-1.82,"1996-1997"
"Dallas Mavericks",24,58,90.6,97,-6.47,"1996-1997"
"Denver Nuggets",21,61,97.8,104.1,-6.4,"1996-1997"
"San Antonio Spurs",20,62,90.5,98.3,-7.93,"1996-1997"
"Vancouver Grizzlies",14,68,89.2,99.4,-10.17,"1996-1997"
"Seattle SuperSonics",57,25,100.9,93.2,6.91,"1996-1997"
"Los Angeles Lakers",56,26,100,95.7,3.66,"1996-1997"
"Portland Trail Blazers",49,33,99,94.8,3.56,"1996-1997"
"Phoenix Suns",40,42,102.8,102.2,0.21,"1996-1997"
"Los Angeles Clippers",36,46,97.2,99.5,-2.66,"1996-1997"
"Sacramento Kings",34,48,96.4,99.8,-3.64,"1996-1997"
"Golden State Warriors",30,52,99.6,104.4,-4.9,"1996-1997"
"Miami Heat",55,27,95,90,5.09,"1997-1998"
"New York Knicks",43,39,91.6,89.1,2.74,"1997-1998"
"New Jersey Nets",43,39,99.6,98.1,1.88,"1997-1998"
"Washington Wizards",42,40,97.2,96.6,1.11,"1997-1998"
"Orlando Magic",41,41,90.1,91.2,-0.53,"1997-1998"
"Boston Celtics",36,46,95.9,98.5,-1.96,"1997-1998"
"Philadelphia 76ers",31,51,93.3,95.7,-1.89,"1997-1998"
"Chicago Bulls",62,20,96.7,89.6,7.24,"1997-1998"
"Indiana Pacers",58,24,96,89.9,6.25,"1997-1998"
"Charlotte Hornets",51,31,96.6,94.6,2.45,"1997-1998"
"Atlanta Hawks",50,32,95.9,92.3,3.85,"1997-1998"
"Cleveland Cavaliers",47,35,92.5,89.8,3.06,"1997-1998"
"Detroit Pistons",37,45,94.2,92.6,1.95,"1997-1998"
"Milwaukee Bucks",36,46,94.5,96.4,-1.33,"1997-1998"
"Toronto Raptors",16,66,94.9,104.2,-8.33,"1997-1998"
"Utah Jazz",62,20,101,94.4,5.73,"1997-1998"
"San Antonio Spurs",56,26,92.5,88.5,3.3,"1997-1998"
"Minnesota Timberwolves",45,37,101.1,100.4,0.17,"1997-1998"
"Houston Rockets",41,41,98.8,99.5,-1.23,"1997-1998"
"Dallas Mavericks",20,62,91.4,97.5,-6.33,"1997-1998"
"Vancouver Grizzlies",19,63,96.6,103.9,-7.47,"1997-1998"
"Denver Nuggets",11,71,89,100.8,-11.74,"1997-1998"
"Seattle SuperSonics",61,21,100.6,93.4,6.33,"1997-1998"
"Los Angeles Lakers",61,21,105.5,97.8,6.88,"1997-1998"
"Phoenix Suns",56,26,99.6,94.4,4.44,"1997-1998"
"Portland Trail Blazers",46,36,94.3,92.9,0.83,"1997-1998"
"Sacramento Kings",27,55,93.1,98.7,-5.83,"1997-1998"
"Golden State Warriors",19,63,88.3,97.4,-9.2,"1997-1998"
"Los Angeles Clippers",17,65,95.9,103.3,-7.53,"1997-1998"
"Miami Heat",33,17,89,84,5.11,"1998-1999"
"Orlando Magic",33,17,89.5,86.9,3.11,"1998-1999"
"Philadelphia 76ers",28,22,89.7,87.6,2.56,"1998-1999"
"New York Knicks",27,23,86.4,85.4,1.45,"1998-1999"
"Boston Celtics",19,31,93,94.9,-1.75,"1998-1999"
"Washington Wizards",18,32,91.2,93.4,-1.75,"1998-1999"
"New Jersey Nets",16,34,91.4,95.2,-3.2,"1998-1999"
"Indiana Pacers",33,17,94.7,90.9,3.86,"1998-1999"
"Atlanta Hawks",31,19,86.3,83.4,2.82,"1998-1999"
"Detroit Pistons",29,21,90.4,86.9,3.97,"1998-1999"
"Milwaukee Bucks",28,22,91.7,90,1.66,"1998-1999"
"Charlotte Hornets",26,24,92.9,93,0.63,"1998-1999"
"Toronto Raptors",23,27,91.1,92.8,-1.32,"1998-1999"
"Cleveland Cavaliers",22,28,86.4,88.2,-0.94,"1998-1999"
"Chicago Bulls",13,37,81.9,91.4,-8.58,"1998-1999"
"San Antonio Spurs",37,13,92.8,84.7,7.12,"1998-1999"
"Utah Jazz",37,13,93.3,86.8,5.54,"1998-1999"
"Houston Rockets",31,19,94.2,91.9,1.39,"1998-1999"
"Minnesota Timberwolves",25,25,92.9,92.6,-0.17,"1998-1999"
"Dallas Mavericks",19,31,91.6,94,-2.5,"1998-1999"
"Denver Nuggets",14,36,93.5,100.1,-6.67,"1998-1999"
"Vancouver Grizzlies",8,42,88.9,97.5,-8.94,"1998-1999"
"Portland Trail Blazers",35,15,94.8,88.5,5.67,"1998-1999"
"Los Angeles Lakers",31,19,99,96,2.68,"1998-1999"
"Phoenix Suns",27,23,95.6,93.3,2.15,"1998-1999"
"Sacramento Kings",27,23,100.2,100.6,-0.89,"1998-1999"
"Seattle SuperSonics",25,25,94.9,95.9,-1.43,"1998-1999"
"Golden State Warriors",21,29,88.3,90.8,-2.63,"1998-1999"
"Los Angeles Clippers",9,41,90.4,99.2,-8.94,"1998-1999"
"Miami Heat",52,30,94.4,91.3,2.75,"1999-2000"
"New York Knicks",50,32,92.1,90.7,1.3,"1999-2000"
"Philadelphia 76ers",49,33,94.8,93.4,1.02,"1999-2000"
"Orlando Magic",41,41,100.1,99.4,0.43,"1999-2000"
"Boston Celtics",35,47,99.3,100.1,-1,"1999-2000"
"New Jersey Nets",31,51,98,99,-1.18,"1999-2000"
"Washington Wizards",29,53,96.6,99.9,-3.47,"1999-2000"
"Indiana Pacers",56,26,101.3,96.7,4.15,"1999-2000"
"Charlotte Hornets",49,33,98.4,95.8,2.33,"1999-2000"
"Toronto Raptors",45,37,97.2,97.3,-0.46,"1999-2000"
"Detroit Pistons",42,40,103.5,102,1.13,"1999-2000"
"Milwaukee Bucks",42,40,101.2,101,-0.06,"1999-2000"
"Cleveland Cavaliers",32,50,97,100.5,-3.64,"1999-2000"
"Atlanta Hawks",28,54,94.3,99.7,-5.41,"1999-2000"
"Chicago Bulls",17,65,84.8,94.2,-9.23,"1999-2000"
"Utah Jazz",55,27,96.5,92,4.52,"1999-2000"
"San Antonio Spurs",53,29,96.2,90.2,5.92,"1999-2000"
"Minnesota Timberwolves",50,32,98.5,96,2.67,"1999-2000"
"Dallas Mavericks",40,42,101.4,102,-0.29,"1999-2000"
"Denver Nuggets",35,47,99,101.1,-1.76,"1999-2000"
"Houston Rockets",34,48,99.5,100.3,-0.57,"1999-2000"
"Vancouver Grizzlies",22,60,93.9,99.5,-5.1,"1999-2000"
"Los Angeles Lakers",67,15,100.8,92.3,8.41,"1999-2000"
"Portland Trail Blazers",59,23,97.5,91,6.36,"1999-2000"
"Phoenix Suns",53,29,98.9,93.7,5.24,"1999-2000"
"Seattle SuperSonics",45,37,99.1,98.1,1.17,"1999-2000"
"Sacramento Kings",44,38,105,102,3.04,"1999-2000"
"Golden State Warriors",19,63,95.5,103.8,-7.63,"1999-2000"
"Los Angeles Clippers",15,67,92,103.5,-10.73,"1999-2000"
"Philadelphia 76ers",56,26,94.7,90.4,3.64,"2000-2001"
"Miami Heat",50,32,88.9,86.6,1.73,"2000-2001"
"New York Knicks",48,34,88.7,86.1,1.98,"2000-2001"
"Orlando Magic",43,39,97.5,96.5,0.39,"2000-2001"
"Boston Celtics",36,46,94.6,96.8,-2.4,"2000-2001"
"New Jersey Nets",26,56,92.1,97.1,-5.3,"2000-2001"
"Washington Wizards",19,63,93.2,99.9,-6.75,"2000-2001"
"Milwaukee Bucks",52,30,100.7,96.9,3.14,"2000-2001"
"Toronto Raptors",47,35,97.6,95.4,1.69,"2000-2001"
"Charlotte Hornets",46,36,91.9,89.8,1.45,"2000-2001"
"Indiana Pacers",41,41,92.6,92.8,-0.77,"2000-2001"
"Detroit Pistons",32,50,95.6,97.3,-2.08,"2000-2001"
"Cleveland Cavaliers",30,52,92.2,96.5,-4.48,"2000-2001"
"Atlanta Hawks",25,57,91,96.2,-5.55,"2000-2001"
"Chicago Bulls",15,67,87.6,96.7,-9.09,"2000-2001"
"San Antonio Spurs",58,24,96.2,88.4,7.92,"2000-2001"
"Utah Jazz",53,29,97.1,92.4,5,"2000-2001"
"Dallas Mavericks",53,29,100.5,96.2,4.61,"2000-2001"
"Minnesota Timberwolves",47,35,97.3,96,1.81,"2000-2001"
"Houston Rockets",45,37,97.2,94.9,2.71,"2000-2001"
"Denver Nuggets",40,42,96.6,99,-1.83,"2000-2001"
"Vancouver Grizzlies",23,59,91.7,97.5,-4.94,"2000-2001"
"Los Angeles Lakers",56,26,100.6,97.2,3.74,"2000-2001"
"Sacramento Kings",55,27,101.7,95.9,6.07,"2000-2001"
"Phoenix Suns",51,31,94,91.8,2.63,"2000-2001"
"Portland Trail Blazers",50,32,95.4,91.2,4.52,"2000-2001"
"Seattle SuperSonics",44,38,97.3,97.3,0.55,"2000-2001"
"Los Angeles Clippers",31,51,92.5,95.3,-2.23,"2000-2001"
"Golden State Warriors",17,65,92.5,101.5,-8.11,"2000-2001"
"New Jersey Nets",52,30,96.2,92,3.67,"2001-2002"
"Boston Celtics",49,33,96.4,94.1,1.75,"2001-2002"
"Orlando Magic",44,38,100.5,98.9,1.25,"2001-2002"
"Philadelphia 76ers",43,39,91,89.4,1.27,"2001-2002"
"Washington Wizards",37,45,92.8,94.2,-1.58,"2001-2002"
"Miami Heat",36,46,87.2,88.7,-1.84,"2001-2002"
"New York Knicks",30,52,91.6,95.6,-4.15,"2001-2002"
"Detroit Pistons",50,32,94.3,92.2,1.69,"2001-2002"
"Charlotte Hornets",44,38,93.9,92.9,0.57,"2001-2002"
"Toronto Raptors",42,40,91.4,91.8,-0.71,"2001-2002"
"Indiana Pacers",42,40,96.8,96.5,-0.07,"2001-2002"
"Milwaukee Bucks",41,41,97.5,97.7,-0.62,"2001-2002"
"Atlanta Hawks",33,49,94,98.3,-4.41,"2001-2002"
"Cleveland Cavaliers",29,53,95.3,98.6,-3.52,"2001-2002"
"Chicago Bulls",21,61,89.5,98,-8.52,"2001-2002"
"San Antonio Spurs",58,24,96.7,90.5,6.28,"2001-2002"
"Dallas Mavericks",57,25,105.2,101,4.41,"2001-2002"
"Minnesota Timberwolves",50,32,99.3,96,3.58,"2001-2002"
"Utah Jazz",44,38,96,95.1,1.21,"2001-2002"
"Houston Rockets",28,54,92.3,97.2,-4.31,"2001-2002"
"Denver Nuggets",27,55,92.2,98,-5.19,"2001-2002"
"Memphis Grizzlies",23,59,89.9,97.3,-6.74,"2001-2002"
"Sacramento Kings",61,21,104.6,97,7.61,"2001-2002"
"Los Angeles Lakers",58,24,101.3,94.1,7.15,"2001-2002"
"Portland Trail Blazers",49,33,96.6,93.7,3.21,"2001-2002"
"Seattle SuperSonics",45,37,97.7,94.7,3.24,"2001-2002"
"Los Angeles Clippers",39,43,95.7,96.1,-0.09,"2001-2002"
"Phoenix Suns",36,46,95.1,95.8,-0.3,"2001-2002"
"Golden State Warriors",21,61,97.7,103.1,-4.8,"2001-2002"
"New Jersey Nets",49,33,95.4,90.1,4.42,"2002-2003"
"Philadelphia 76ers",48,34,96.8,94.5,1.76,"2002-2003"
"Boston Celtics",44,38,92.7,93.1,-0.75,"2002-2003"
"Orlando Magic",42,40,98.5,98.4,-0.39,"2002-2003"
"Washington Wizards",37,45,91.5,92.5,-1.47,"2002-2003"
"New York Knicks",37,45,95.9,97.2,-1.61,"2002-2003"
"Miami Heat",25,57,85.6,90.6,-5.13,"2002-2003"
"Detroit Pistons",50,32,91.4,87.7,2.97,"2002-2003"
"Indiana Pacers",48,34,96.8,93.3,2.79,"2002-2003"
"New Orleans Hornets",47,35,93.9,91.8,1.52,"2002-2003"
"Milwaukee Bucks",42,40,99.5,99.3,-0.24,"2002-2003"
"Atlanta Hawks",35,47,94.1,97.6,-3.87,"2002-2003"
"Chicago Bulls",30,52,95,100.1,-5.31,"2002-2003"
"Toronto Raptors",24,58,90.9,96.8,-6.1,"2002-2003"
"Cleveland Cavaliers",17,65,91.4,101,-9.59,"2002-2003"
"San Antonio Spurs",60,22,95.8,90.4,5.65,"2002-2003"
"Dallas Mavericks",60,22,103,95.2,7.9,"2002-2003"
"Minnesota Timberwolves",51,31,98.1,96,2.46,"2002-2003"
"Utah Jazz",47,35,94.7,92.3,2.76,"2002-2003"
"Houston Rockets",43,39,93.8,92.3,1.89,"2002-2003"
"Memphis Grizzlies",28,54,97.5,100.7,-2.6,"2002-2003"
"Denver Nuggets",17,65,84.2,92.4,-7.41,"2002-2003"
"Sacramento Kings",59,23,101.7,95.2,6.68,"2002-2003"
"Los Angeles Lakers",50,32,100.4,98,2.71,"2002-2003"
"Portland Trail Blazers",50,32,95.2,92.5,2.97,"2002-2003"
"Phoenix Suns",44,38,95.5,94.4,1.57,"2002-2003"
"Seattle SuperSonics",40,42,92.1,92.3,0.37,"2002-2003"
"Golden State Warriors",38,44,102.4,103.6,-0.6,"2002-2003"
"Los Angeles Clippers",27,55,93.8,97.9,-3.45,"2002-2003"
"New Jersey Nets",47,35,90.3,87.8,1.88,"2003-2004"
"Miami Heat",42,40,90.3,89.7,-0.13,"2003-2004"
"New York Knicks",39,43,92,93.5,-1.97,"2003-2004"
"Boston Celtics",36,46,95.3,96.7,-1.99,"2003-2004"
"Philadelphia 76ers",33,49,88,90.5,-2.95,"2003-2004"
"Washington Wizards",25,57,91.8,97.4,-6.12,"2003-2004"
"Orlando Magic",21,61,94,101.1,-7.25,"2003-2004"
"Indiana Pacers",61,21,91.4,85.6,4.93,"2003-2004"
"Detroit Pistons",54,28,90.1,84.3,5.04,"2003-2004"
"New Orleans Hornets",41,41,91.8,91.9,-0.72,"2003-2004"
"Milwaukee Bucks",41,41,98,97,0.42,"2003-2004"
"Cleveland Cavaliers",35,47,92.9,95.5,-3.07,"2003-2004"
"Toronto Raptors",33,49,85.4,88.5,-3.42,"2003-2004"
"Atlanta Hawks",28,54,92.8,97.5,-5,"2003-2004"
"Chicago Bulls",23,59,89.7,96,-6.69,"2003-2004"
"Minnesota Timberwolves",58,24,94.5,89.1,5.86,"2003-2004"
"San Antonio Spurs",57,25,91.5,84.3,7.51,"2003-2004"
"Dallas Mavericks",52,30,105.2,100.8,4.86,"2003-2004"
"Memphis Grizzlies",50,32,96.7,94.3,2.95,"2003-2004"
"Houston Rockets",45,37,89.8,88,2.28,"2003-2004"
"Denver Nuggets",43,39,97.2,96.1,1.65,"2003-2004"
"Utah Jazz",42,40,88.7,89.9,-0.53,"2003-2004"
"Los Angeles Lakers",56,26,98.2,94.3,4.35,"2003-2004"
"Sacramento Kings",55,27,102.8,97.8,5.41,"2003-2004"
"Portland Trail Blazers",41,41,90.7,92,-0.58,"2003-2004"
"Golden State Warriors",37,45,93.3,94,-0.07,"2003-2004"
"Seattle SuperSonics",37,45,97.1,97.8,0.02,"2003-2004"
"Phoenix Suns",29,53,94.2,97.9,-2.94,"2003-2004"
"Los Angeles Clippers",28,54,94.8,99.4,-3.74,"2003-2004"
"Boston Celtics",45,37,101.3,100.4,0.35,"2004-2005"
"Philadelphia 76ers",43,39,99.1,99.9,-1.07,"2004-2005"
"New Jersey Nets",42,40,91.4,92.9,-1.82,"2004-2005"
"Toronto Raptors",33,49,99.7,101.4,-1.81,"2004-2005"
"New York Knicks",33,49,97.3,99.7,-2.72,"2004-2005"
"Detroit Pistons",54,28,93.3,89.5,3.31,"2004-2005"
"Chicago Bulls",47,35,94.5,93.4,0.65,"2004-2005"
"Indiana Pacers",44,38,93,92.2,0.49,"2004-2005"
"Cleveland Cavaliers",42,40,96.5,95.7,0.27,"2004-2005"
"Milwaukee Bucks",30,52,97.2,100.2,-3.09,"2004-2005"
"Miami Heat",59,23,101.5,95,5.77,"2004-2005"
"Washington Wizards",45,37,100.5,100.8,-0.71,"2004-2005"
"Orlando Magic",36,46,99.5,101.8,-2.52,"2004-2005"
"Charlotte Bobcats",18,64,94.3,100.2,-6.15,"2004-2005"
"Atlanta Hawks",13,69,92.7,102.5,-9.62,"2004-2005"
"Seattle SuperSonics",52,30,98.9,96.6,2.59,"2004-2005"
"Denver Nuggets",49,33,99.5,97.5,2.23,"2004-2005"
"Minnesota Timberwolves",44,38,96.8,95.3,1.73,"2004-2005"
"Portland Trail Blazers",27,55,92.9,96.9,-3.45,"2004-2005"
"Utah Jazz",26,56,93,97.3,-3.74,"2004-2005"
"Phoenix Suns",62,20,110.4,103.3,7.08,"2004-2005"
"Sacramento Kings",50,32,103.7,101.6,2.56,"2004-2005"
"Los Angeles Clippers",37,45,95.7,96.5,-0.47,"2004-2005"
"Los Angeles Lakers",34,48,98.7,101.7,-2.32,"2004-2005"
"Golden State Warriors",34,48,98.7,100.9,-1.74,"2004-2005"
"San Antonio Spurs",59,23,96.2,88.4,7.84,"2004-2005"
"Dallas Mavericks",58,24,102.5,96.8,5.86,"2004-2005"
"Houston Rockets",51,31,95.1,91,4.27,"2004-2005"
"Memphis Grizzlies",45,37,93.4,91.1,2.64,"2004-2005"
"New Orleans Hornets",18,64,88.4,95.5,-6.3,"2004-2005"
"New Jersey Nets",49,33,93.8,92.4,1.11,"2005-2006"
"Philadelphia 76ers",38,44,99.4,101.3,-2.1,"2005-2006"
"Boston Celtics",33,49,98,99.5,-1.59,"2005-2006"
"Toronto Raptors",27,55,101.1,104,-3.03,"2005-2006"
"New York Knicks",23,59,95.6,102,-6.3,"2005-2006"
"Detroit Pistons",64,18,96.8,90.2,6.24,"2005-2006"
"Cleveland Cavaliers",50,32,97.6,95.4,2.17,"2005-2006"
"Indiana Pacers",41,41,93.9,92,1.62,"2005-2006"
"Chicago Bulls",41,41,97.8,97.2,0.51,"2005-2006"
"Milwaukee Bucks",40,42,97.8,98.8,-1.07,"2005-2006"
"Miami Heat",52,30,99.9,96,3.59,"2005-2006"
"Washington Wizards",42,40,101.7,99.8,1.57,"2005-2006"
"Orlando Magic",36,46,94.9,96,-1.26,"2005-2006"
"Charlotte Bobcats",26,56,96.9,100.9,-3.9,"2005-2006"
"Atlanta Hawks",26,56,97.2,102,-4.69,"2005-2006"
"Denver Nuggets",44,38,100.3,100.1,0.36,"2005-2006"
"Utah Jazz",41,41,92.4,95,-2.49,"2005-2006"
"Seattle SuperSonics",35,47,102.6,105.6,-2.88,"2005-2006"
"Minnesota Timberwolves",33,49,91.7,93.6,-1.75,"2005-2006"
"Portland Trail Blazers",21,61,88.8,98.3,-8.91,"2005-2006"
"Phoenix Suns",54,28,108.4,102.8,5.48,"2005-2006"
"Los Angeles Clippers",47,35,97.2,95.6,1.75,"2005-2006"
"Los Angeles Lakers",45,37,99.4,96.9,2.53,"2005-2006"
"Sacramento Kings",44,38,98.9,97.3,1.61,"2005-2006"
"Golden State Warriors",34,48,98.5,99.8,-1.11,"2005-2006"
"San Antonio Spurs",63,19,95.6,88.8,6.69,"2005-2006"
"Dallas Mavericks",60,22,99.1,93.1,5.96,"2005-2006"
"Memphis Grizzlies",49,33,92.2,88.5,3.74,"2005-2006"
"New Orleans/Oklahoma City Hornets",38,44,92.8,95.6,-2.51,"2005-2006"
"Houston Rockets",34,48,90.1,91.7,-1.3,"2005-2006"
"Toronto Raptors",47,35,99.5,98.5,0.61,"2006-2007"
"New Jersey Nets",41,41,97.6,98.3,-1,"2006-2007"
"Philadelphia 76ers",35,47,94.9,98,-3.26,"2006-2007"
"New York Knicks",33,49,97.5,100.3,-3.06,"2006-2007"
"Boston Celtics",24,58,95.8,99.2,-3.7,"2006-2007"
"Detroit Pistons",53,29,96,91.8,3.69,"2006-2007"
"Cleveland Cavaliers",50,32,96.8,92.9,3.33,"2006-2007"
"Chicago Bulls",49,33,98.8,93.8,4.52,"2006-2007"
"Indiana Pacers",35,47,95.6,98,-2.62,"2006-2007"
"Milwaukee Bucks",28,54,99.7,104,-4.43,"2006-2007"
"Miami Heat",44,38,94.6,95.5,-1.21,"2006-2007"
"Washington Wizards",41,41,104.3,104.9,-0.8,"2006-2007"
"Orlando Magic",40,42,94.8,94,0.35,"2006-2007"
"Charlotte Bobcats",33,49,96.9,100.6,-3.97,"2006-2007"
"Atlanta Hawks",30,52,93.7,98.4,-4.86,"2006-2007"
"Utah Jazz",51,31,101.5,98.6,3.06,"2006-2007"
"Denver Nuggets",45,37,105.4,103.7,1.69,"2006-2007"
"Portland Trail Blazers",32,50,94.1,98.4,-3.78,"2006-2007"
"Minnesota Timberwolves",32,50,96.1,99.7,-3.16,"2006-2007"
"Seattle SuperSonics",31,51,99.1,102,-2.45,"2006-2007"
"Phoenix Suns",61,21,110.2,102.9,7.28,"2006-2007"
"Los Angeles Lakers",42,40,103.3,103.4,0.24,"2006-2007"
"Golden State Warriors",42,40,106.5,106.9,0,"2006-2007"
"Los Angeles Clippers",40,42,95.6,96.1,-0.07,"2006-2007"
"Sacramento Kings",33,49,101.3,103.1,-1.35,"2006-2007"
"Dallas Mavericks",67,15,100,92.8,7.28,"2006-2007"
"San Antonio Spurs",58,24,98.5,90.1,8.35,"2006-2007"
"Houston Rockets",52,30,97,92.1,5.04,"2006-2007"
"New Orleans/Oklahoma City Hornets",39,43,95.5,97.1,-1.19,"2006-2007"
"Memphis Grizzlies",22,60,101.6,106.7,-4.44,"2006-2007"
"Boston Celtics",66,16,100.5,90.3,9.3,"2007-2008"
"Toronto Raptors",41,41,100.2,97.3,2.47,"2007-2008"
"Philadelphia 76ers",40,42,96.6,96.2,0.19,"2007-2008"
"New Jersey Nets",34,48,95.8,100.9,-5.15,"2007-2008"
"New York Knicks",23,59,96.9,103.5,-6.55,"2007-2008"
"Detroit Pistons",59,23,97.5,90.1,6.67,"2007-2008"
"Cleveland Cavaliers",45,37,96.4,96.7,-0.53,"2007-2008"
"Indiana Pacers",36,46,104,105.4,-1.87,"2007-2008"
"Chicago Bulls",33,49,97.3,100.4,-3.19,"2007-2008"
"Milwaukee Bucks",26,56,97,103.9,-6.92,"2007-2008"
"Orlando Magic",52,30,104.5,99,4.79,"2007-2008"
"Washington Wizards",43,39,98.8,99.2,-0.61,"2007-2008"
"Atlanta Hawks",37,45,98.2,100,-2.23,"2007-2008"
"Charlotte Bobcats",32,50,97.1,101.4,-4.49,"2007-2008"
"Miami Heat",15,67,91.4,100,-8.53,"2007-2008"
"Utah Jazz",54,28,106.2,99.3,6.86,"2007-2008"
"Denver Nuggets",50,32,110.7,107,3.74,"2007-2008"
"Portland Trail Blazers",41,41,95.4,96.3,-0.52,"2007-2008"
"Minnesota Timberwolves",22,60,95.6,102.4,-6.26,"2007-2008"
"Seattle SuperSonics",20,62,97.5,106.3,-8.04,"2007-2008"
"Los Angeles Lakers",57,25,108.6,101.3,7.34,"2007-2008"
"Phoenix Suns",55,27,110.1,105,5.14,"2007-2008"
"Golden State Warriors",48,34,111,108.8,2.38,"2007-2008"
"Sacramento Kings",38,44,102.5,104.8,-1.86,"2007-2008"
"Los Angeles Clippers",23,59,93.8,101.1,-6.56,"2007-2008"
"New Orleans Hornets",56,26,100.9,95.6,5.46,"2007-2008"
"San Antonio Spurs",56,26,95.4,90.6,5.1,"2007-2008"
"Houston Rockets",55,27,96.7,92,4.83,"2007-2008"
"Dallas Mavericks",51,31,100.4,95.9,4.7,"2007-2008"
"Memphis Grizzlies",22,60,100.7,106.9,-5.76,"2007-2008"
"Boston Celtics",62,20,100.9,93.4,7.44,"2008-2009"
"Philadelphia 76ers",41,41,97.4,97.3,0.16,"2008-2009"
"New Jersey Nets",34,48,98.1,100.5,-2.31,"2008-2009"
"Toronto Raptors",33,49,99,101.9,-2.54,"2008-2009"
"New York Knicks",32,50,105.2,107.8,-2.33,"2008-2009"
"Cleveland Cavaliers",66,16,100.3,91.4,8.68,"2008-2009"
"Chicago Bulls",41,41,102.2,102.5,-0.16,"2008-2009"
"Detroit Pistons",39,43,94.2,94.7,-0.36,"2008-2009"
"Indiana Pacers",36,46,105.1,106.2,-0.76,"2008-2009"
"Milwaukee Bucks",34,48,99.3,100.4,-0.88,"2008-2009"
"Orlando Magic",59,23,101,94.4,6.48,"2008-2009"
"Atlanta Hawks",47,35,98.1,96.5,1.7,"2008-2009"
"Miami Heat",43,39,98.3,98,0.49,"2008-2009"
"Charlotte Bobcats",35,47,93.6,94.9,-1.2,"2008-2009"
"Washington Wizards",19,63,96.1,103.5,-6.98,"2008-2009"
"Denver Nuggets",54,28,104.3,100.9,3.13,"2008-2009"
"Portland Trail Blazers",54,28,99.4,94.1,5,"2008-2009"
"Utah Jazz",48,34,103.6,100.9,2.31,"2008-2009"
"Minnesota Timberwolves",24,58,97.8,102.7,-4.74,"2008-2009"
"Oklahoma City Thunder",23,59,97,103.1,-6.04,"2008-2009"
"Los Angeles Lakers",65,17,106.9,99.3,7.11,"2008-2009"
"Phoenix Suns",46,36,109.4,107.5,1.62,"2008-2009"
"Golden State Warriors",29,53,108.6,112.3,-3.8,"2008-2009"
"Los Angeles Clippers",19,63,95.1,103.9,-8.47,"2008-2009"
"Sacramento Kings",17,65,100.6,109.3,-8.6,"2008-2009"
"San Antonio Spurs",54,28,97,93.3,3.36,"2008-2009"
"Houston Rockets",53,29,98.4,94.4,3.73,"2008-2009"
"Dallas Mavericks",50,32,101.7,99.8,1.68,"2008-2009"
"New Orleans Hornets",49,33,95.8,94.3,1.41,"2008-2009"
"Memphis Grizzlies",24,58,93.9,99.3,-5.23,"2008-2009"
"Boston Celtics",50,32,99.2,95.6,3.37,"2009-2010"
"Toronto Raptors",40,42,104.1,105.9,-1.83,"2009-2010"
"New York Knicks",29,53,102.1,105.9,-4.01,"2009-2010"
"Philadelphia 76ers",27,55,97.7,101.6,-3.93,"2009-2010"
"New Jersey Nets",12,70,92.4,101.5,-8.93,"2009-2010"
"Cleveland Cavaliers",61,21,102.1,95.6,6.17,"2009-2010"
"Milwaukee Bucks",46,36,97.7,96,1.37,"2009-2010"
"Chicago Bulls",41,41,97.5,99.1,-1.64,"2009-2010"
"Indiana Pacers",32,50,100.8,103.8,-3.11,"2009-2010"
"Detroit Pistons",27,55,94,99.1,-5.02,"2009-2010"
"Orlando Magic",59,23,102.8,95.3,7.12,"2009-2010"
"Atlanta Hawks",53,29,101.7,97,4.44,"2009-2010"
"Miami Heat",47,35,96.5,94.2,1.99,"2009-2010"
"Charlotte Bobcats",44,38,95.3,93.8,1.3,"2009-2010"
"Washington Wizards",26,56,96.2,101,-4.72,"2009-2010"
"Denver Nuggets",53,29,106.5,102.4,4.15,"2009-2010"
"Utah Jazz",53,29,104.2,98.9,5.33,"2009-2010"
"Portland Trail Blazers",50,32,98.1,94.8,3.18,"2009-2010"
"Oklahoma City Thunder",50,32,101.5,98,3.55,"2009-2010"
"Minnesota Timberwolves",15,67,98.2,107.8,-9.06,"2009-2010"
"Los Angeles Lakers",57,25,101.7,97,4.78,"2009-2010"
"Phoenix Suns",54,28,110.2,105.3,4.67,"2009-2010"
"Los Angeles Clippers",29,53,95.7,102.1,-6.01,"2009-2010"
"Golden State Warriors",26,56,108.8,112.4,-3.28,"2009-2010"
"Sacramento Kings",25,57,100,104.4,-4.06,"2009-2010"
"Dallas Mavericks",55,27,102,99.3,2.66,"2009-2010"
"San Antonio Spurs",50,32,101.4,96.3,5.07,"2009-2010"
"Houston Rockets",42,40,102.4,102.7,-0.02,"2009-2010"
"Memphis Grizzlies",40,42,102.5,104,-1.39,"2009-2010"
"New Orleans Hornets",37,45,100.2,102.7,-2.27,"2009-2010"
"Boston Celtics",56,26,96.5,91.1,4.83,"2010-2011"
"New York Knicks",42,40,106.5,105.7,0.48,"2010-2011"
"Philadelphia 76ers",41,41,99,97.5,1.01,"2010-2011"
"New Jersey Nets",24,58,94.2,100.4,-6.28,"2010-2011"
"Toronto Raptors",22,60,99.1,105.4,-6.28,"2010-2011"
"Chicago Bulls",62,20,98.6,91.3,6.53,"2010-2011"
"Indiana Pacers",37,45,99.8,100.9,-1.38,"2010-2011"
"Milwaukee Bucks",35,47,91.9,92.7,-1.02,"2010-2011"
"Detroit Pistons",30,52,97,100.6,-3.78,"2010-2011"
"Cleveland Cavaliers",19,63,95.5,104.5,-8.88,"2010-2011"
"Miami Heat",58,24,102.1,94.6,6.76,"2010-2011"
"Orlando Magic",52,30,99.2,93.7,4.92,"2010-2011"
"Atlanta Hawks",44,38,95,95.8,-1.1,"2010-2011"
"Charlotte Bobcats",34,48,93.3,97.3,-4.08,"2010-2011"
"Washington Wizards",23,59,97.3,104.7,-7.3,"2010-2011"
"Oklahoma City Thunder",55,27,104.8,101,3.81,"2010-2011"
"Denver Nuggets",50,32,107.5,102.7,4.81,"2010-2011"
"Portland Trail Blazers",48,34,96.3,94.8,1.85,"2010-2011"
"Utah Jazz",39,43,99.4,101.3,-1.44,"2010-2011"
"Minnesota Timberwolves",17,65,101.1,107.7,-5.97,"2010-2011"
"Los Angeles Lakers",57,25,101.5,95.4,6.01,"2010-2011"
"Phoenix Suns",40,42,105,105.9,-0.46,"2010-2011"
"Golden State Warriors",36,46,103.4,105.7,-2,"2010-2011"
"Los Angeles Clippers",32,50,98.6,101.8,-2.71,"2010-2011"
"Sacramento Kings",24,58,99.4,104.7,-4.8,"2010-2011"
"San Antonio Spurs",61,21,103.7,98,5.86,"2010-2011"
"Dallas Mavericks",57,25,100.2,96,4.41,"2010-2011"
"New Orleans Hornets",46,36,94.9,94,1.28,"2010-2011"
"Memphis Grizzlies",46,36,99.9,97.6,2.55,"2010-2011"
"Houston Rockets",43,39,105.9,103.7,2.37,"2010-2011"
"Boston Celtics",39,27,91.8,89.3,2.26,"2011-2012"
"New York Knicks",36,30,97.8,94.7,2.39,"2011-2012"
"Philadelphia 76ers",35,31,93.6,89.4,3.59,"2011-2012"
"Toronto Raptors",23,43,90.7,94,-3.67,"2011-2012"
"New Jersey Nets",22,44,93.1,99.1,-6.37,"2011-2012"
"Chicago Bulls",50,16,96.3,88.2,7.43,"2011-2012"
"Indiana Pacers",42,24,97.7,94.4,2.6,"2011-2012"
"Milwaukee Bucks",31,35,99,98.7,-0.23,"2011-2012"
"Detroit Pistons",25,41,90.9,95.7,-5.19,"2011-2012"
"Cleveland Cavaliers",21,45,93,100.2,-7.34,"2011-2012"
"Miami Heat",46,20,98.5,92.5,5.72,"2011-2012"
"Atlanta Hawks",40,26,96.6,93.2,2.67,"2011-2012"
"Orlando Magic",37,29,94.2,93.4,0.46,"2011-2012"
"Washington Wizards",20,46,93.6,98.4,-5.14,"2011-2012"
"Charlotte Bobcats",7,59,87,100.9,-13.96,"2011-2012"
"Oklahoma City Thunder",47,19,103.1,96.9,6.44,"2011-2012"
"Denver Nuggets",38,28,104.1,101.2,3.16,"2011-2012"
"Utah Jazz",36,30,99.7,99,0.92,"2011-2012"
"Portland Trail Blazers",28,38,97.2,97.8,-0.22,"2011-2012"
"Minnesota Timberwolves",26,40,97.9,100.1,-1.83,"2011-2012"
"Los Angeles Lakers",41,25,97.3,95.9,1.96,"2011-2012"
"Los Angeles Clippers",40,26,97.5,95,2.82,"2011-2012"
"Phoenix Suns",33,33,98.4,98.6,0.29,"2011-2012"
"Golden State Warriors",23,43,97.8,101.2,-2.79,"2011-2012"
"Sacramento Kings",22,44,98.8,104.4,-4.95,"2011-2012"
"San Antonio Spurs",50,16,103.7,96.5,7.28,"2011-2012"
"Memphis Grizzlies",41,25,95,93,2.43,"2011-2012"
"Dallas Mavericks",36,30,95.8,94.8,1.78,"2011-2012"
"Houston Rockets",34,32,98.1,97.9,0.57,"2011-2012"
"New Orleans Hornets",21,45,89.6,93.4,-3.11,"2011-2012"
"New York Knicks",54,28,100,95.7,3.73,"2012-2013"
"Brooklyn Nets",49,33,96.9,95.1,1.25,"2012-2013"
"Boston Celtics",41,40,96.5,96.7,-0.62,"2012-2013"
"Philadelphia 76ers",34,48,93.2,96.5,-3.51,"2012-2013"
"Toronto Raptors",34,48,97.2,98.7,-1.96,"2012-2013"
"Indiana Pacers",49,32,94.7,90.7,3.34,"2012-2013"
"Chicago Bulls",45,37,93.2,92.9,-0.02,"2012-2013"
"Milwaukee Bucks",38,44,98.9,100.4,-1.83,"2012-2013"
"Detroit Pistons",29,53,94.9,98.8,-4.33,"2012-2013"
"Cleveland Cavaliers",24,58,96.5,101.2,-4.87,"2012-2013"
"Miami Heat",66,16,102.9,95,7.03,"2012-2013"
"Atlanta Hawks",44,38,98,97.5,-0.08,"2012-2013"
"Washington Wizards",29,53,93.2,95.8,-2.78,"2012-2013"
"Charlotte Bobcats",21,61,93.4,102.7,-9.29,"2012-2013"
"Orlando Magic",20,62,94.1,101.1,-7.12,"2012-2013"
"Oklahoma City Thunder",60,22,105.7,96.5,9.15,"2012-2013"
"Denver Nuggets",57,25,106.1,101.1,5.37,"2012-2013"
"Utah Jazz",43,39,98,98.1,0.3,"2012-2013"
"Portland Trail Blazers",33,49,97.5,100.7,-2.53,"2012-2013"
"Minnesota Timberwolves",31,51,95.7,98.1,-1.83,"2012-2013"
"Los Angeles Clippers",56,26,101.1,94.6,6.43,"2012-2013"
"Golden State Warriors",47,35,101.2,100.3,1.32,"2012-2013"
"Los Angeles Lakers",45,37,102.2,101,1.48,"2012-2013"
"Sacramento Kings",28,54,100.2,105.1,-4.26,"2012-2013"
"Phoenix Suns",25,57,95.2,101.6,-5.75,"2012-2013"
"San Antonio Spurs",58,24,103,96.6,6.67,"2012-2013"
"Memphis Grizzlies",56,26,93.4,89.3,4.32,"2012-2013"
"Houston Rockets",45,37,106,102.5,3.69,"2012-2013"
"Dallas Mavericks",41,41,101.1,101.7,-0.24,"2012-2013"
"New Orleans Hornets",27,55,94.1,97.9,-3.12,"2012-2013"
"Toronto Raptors",48,34,101.3,98,2.55,"2013-2014"
"Brooklyn Nets",44,38,98.5,99.5,-1.58,"2013-2014"
"New York Knicks",37,45,98.6,99.4,-1.4,"2013-2014"
"Boston Celtics",25,57,96.2,100.7,-4.97,"2013-2014"
"Philadelphia 76ers",19,63,99.5,109.9,-10.66,"2013-2014"
"Indiana Pacers",56,26,96.7,92.3,3.63,"2013-2014"
"Chicago Bulls",48,34,93.7,91.8,1.2,"2013-2014"
"Cleveland Cavaliers",33,49,98.2,101.5,-3.86,"2013-2014"
"Detroit Pistons",29,53,101,104.7,-4.13,"2013-2014"
"Milwaukee Bucks",15,67,95.5,103.7,-8.41,"2013-2014"
"Miami Heat",54,28,102.2,97.4,4.15,"2013-2014"
"Washington Wizards",44,38,100.7,99.4,0.48,"2013-2014"
"Charlotte Bobcats",43,39,96.9,97.1,-0.89,"2013-2014"
"Atlanta Hawks",38,44,101,101.5,-0.88,"2013-2014"
"Orlando Magic",23,59,96.5,102,-5.88,"2013-2014"
"Oklahoma City Thunder",59,23,106.2,99.8,6.66,"2013-2014"
"Portland Trail Blazers",54,28,106.7,102.8,4.44,"2013-2014"
"Minnesota Timberwolves",40,42,106.9,104.3,3.1,"2013-2014"
"Denver Nuggets",36,46,104.4,106.5,-1.4,"2013-2014"
"Utah Jazz",25,57,95,102.2,-6.27,"2013-2014"
"Los Angeles Clippers",57,25,107.9,101,7.27,"2013-2014"
"Golden State Warriors",51,31,104.3,99.5,5.15,"2013-2014"
"Phoenix Suns",48,34,105.2,102.6,3.02,"2013-2014"
"Sacramento Kings",28,54,100.5,103.4,-2.08,"2013-2014"
"Los Angeles Lakers",27,55,103,109.2,-5.33,"2013-2014"
"San Antonio Spurs",62,20,105.4,97.6,8,"2013-2014"
"Houston Rockets",54,28,107.7,103.1,5.06,"2013-2014"
"Memphis Grizzlies",50,32,96.1,94.6,2.18,"2013-2014"
"Dallas Mavericks",49,33,104.8,102.4,2.91,"2013-2014"
"New Orleans Pelicans",34,48,99.7,102.4,-1.98,"2013-2014"
"Toronto Raptors",49,33,104,100.9,2.45,"2014-2015"
"Boston Celtics",40,42,101.4,101.2,-0.4,"2014-2015"
"Brooklyn Nets",38,44,98,100.9,-3.13,"2014-2015"
"Philadelphia 76ers",18,64,92,101,-9.04,"2014-2015"
"New York Knicks",17,65,91.9,101.2,-9.5,"2014-2015"
"Cleveland Cavaliers",53,29,103.1,98.7,4.08,"2014-2015"
"Chicago Bulls",50,32,100.8,97.8,2.54,"2014-2015"
"Milwaukee Bucks",41,41,97.8,97.4,-0.09,"2014-2015"
"Indiana Pacers",38,44,97.3,97,-0.23,"2014-2015"
"Detroit Pistons",32,50,98.5,99.5,-1.39,"2014-2015"
"Atlanta Hawks",60,22,102.5,97.1,4.75,"2014-2015"
"Washington Wizards",46,36,98.5,97.8,0.17,"2014-2015"
"Miami Heat",37,45,94.7,97.3,-2.92,"2014-2015"
"Charlotte Hornets",33,49,94.2,97.3,-3.44,"2014-2015"
"Orlando Magic",25,57,95.7,101.4,-5.87,"2014-2015"
"Portland Trail Blazers",51,31,102.8,98.6,4.41,"2014-2015"
"Oklahoma City Thunder",45,37,104,101.8,2.47,"2014-2015"
"Utah Jazz",38,44,95.1,94.9,0.71,"2014-2015"
"Denver Nuggets",30,52,101.5,105,-3.07,"2014-2015"
"Minnesota Timberwolves",16,66,97.8,106.5,-8,"2014-2015"
"Golden State Warriors",67,15,110,99.9,10.01,"2014-2015"
"Los Angeles Clippers",56,26,106.7,100.1,6.8,"2014-2015"
"Phoenix Suns",39,43,102.4,103.3,-0.38,"2014-2015"
"Sacramento Kings",29,53,101.3,105,-3.07,"2014-2015"
"Los Angeles Lakers",21,61,98.5,105.3,-6.17,"2014-2015"
"Houston Rockets",56,26,103.9,100.5,3.82,"2014-2015"
"San Antonio Spurs",55,27,103.2,97,6.34,"2014-2015"
"Memphis Grizzlies",55,27,98.3,95.1,3.62,"2014-2015"
"Dallas Mavericks",50,32,105.2,102.3,3.36,"2014-2015"
"New Orleans Pelicans",45,37,99.4,98.6,1.13,"2014-2015"
"Toronto Raptors",56,26,102.7,98.2,4.08,"2015-2016"
"Boston Celtics",48,34,105.7,102.5,2.84,"2015-2016"
"New York Knicks",32,50,98.4,101.1,-2.74,"2015-2016"
"Brooklyn Nets",21,61,98.6,106,-7.12,"2015-2016"
"Philadelphia 76ers",10,72,97.4,107.6,-9.92,"2015-2016"
"Cleveland Cavaliers",57,25,104.3,98.3,5.45,"2015-2016"
"Indiana Pacers",45,37,102.2,100.5,1.62,"2015-2016"
"Detroit Pistons",44,38,102,101.4,0.43,"2015-2016"
"Chicago Bulls",42,40,101.6,103.1,-1.46,"2015-2016"
"Milwaukee Bucks",33,49,99,103.2,-3.98,"2015-2016"
"Miami Heat",48,34,100,98.4,1.5,"2015-2016"
"Atlanta Hawks",48,34,102.8,99.2,3.49,"2015-2016"
"Charlotte Hornets",48,34,103.4,100.7,2.36,"2015-2016"
"Washington Wizards",41,41,104.1,104.6,-0.5,"2015-2016"
"Orlando Magic",35,47,102.1,103.7,-1.68,"2015-2016"
"Oklahoma City Thunder",55,27,110.2,102.9,7.09,"2015-2016"
"Portland Trail Blazers",44,38,105.1,104.3,0.98,"2015-2016"
"Utah Jazz",40,42,97.7,95.9,1.84,"2015-2016"
"Denver Nuggets",33,49,101.9,105,-2.81,"2015-2016"
"Minnesota Timberwolves",29,53,102.4,106,-3.38,"2015-2016"
"Golden State Warriors",73,9,114.9,104.1,10.38,"2015-2016"
"Los Angeles Clippers",53,29,104.5,100.2,4.13,"2015-2016"
"Sacramento Kings",33,49,106.6,109.1,-2.32,"2015-2016"
"Phoenix Suns",23,59,100.9,107.5,-6.32,"2015-2016"
"Los Angeles Lakers",17,65,97.3,106.9,-8.92,"2015-2016"
"San Antonio Spurs",67,15,103.5,92.9,10.28,"2015-2016"
"Dallas Mavericks",42,40,102.3,102.6,-0.02,"2015-2016"
"Memphis Grizzlies",42,40,99.1,101.3,-2.14,"2015-2016"
"Houston Rockets",41,41,106.5,106.4,0.34,"2015-2016"
"New Orleans Pelicans",30,52,102.7,106.5,-3.56,"2015-2016"
